Date,Open,High,Low,Close,Adj Close,Volume
04/09/2012,43,43.25,42.830002,43.139999,35.663963,2068800
05/09/2012,43.349998,43.349998,42.919998,42.950001,35.506889,1588400
06/09/2012,43.150002,43.580002,43.029999,43.52,35.9781,2058300
07/09/2012,43.549999,43.669998,43.369999,43.459999,35.928501,1954900
10/09/2012,43.689999,43.689999,43.380001,43.389999,35.870628,1560500
11/09/2012,43.52,43.549999,43.380001,43.43,35.903702,1462100
12/09/2012,43.470001,43.560001,43.25,43.5,35.961571,2308500
13/09/2012,43.32,43.959999,43.32,43.959999,36.341854,2205100
14/09/2012,43.869999,43.91,43.490002,43.66,36.093838,3515900
17/09/2012,43.700001,43.84,43.450001,43.57,36.019436,1868700
18/09/2012,43.490002,43.57,43.209999,43.52,35.9781,2243700
19/09/2012,43.549999,43.91,43.389999,43.830002,36.234379,2028500
20/09/2012,43.720001,44.130001,43.689999,43.970001,36.350113,1932200
21/09/2012,44.07,44.099998,43.779999,44.009998,36.38319,3005000
24/09/2012,44.119999,44.560001,44.029999,44.450001,36.746941,1994300
25/09/2012,44.48,44.84,44.34,44.360001,36.672531,1999200
26/09/2012,44.450001,44.810001,44.27,44.360001,36.672531,1783200
27/09/2012,44.43,44.439999,43.740002,43.82,36.226112,2641600
28/09/2012,43.799999,44.029999,43.57,43.939999,36.32531,2553100
01/10/2012,44.07,44.299999,43.82,43.91,36.300514,1540200
02/10/2012,43.970001,44.169998,43.799999,44.169998,36.515461,1738300
03/10/2012,44.18,44.5,44.049999,44.439999,36.738667,1671300
04/10/2012,44.490002,44.779999,44.400002,44.459999,36.755203,1600100
05/10/2012,44.59,44.599998,44.16,44.220001,36.556786,1874000
08/10/2012,44.189999,44.43,44.040001,44.360001,36.672531,1250600
09/10/2012,44.32,44.599998,44.299999,44.43,36.730396,1320500
10/10/2012,44.41,44.439999,44.049999,44.080002,36.441055,1824500
11/10/2012,44.310001,44.59,44.049999,44.240002,36.573318,1722900
12/10/2012,44.360001,44.5,44.02,44.119999,36.474113,1344300
15/10/2012,44.150002,44.580002,44,44.509998,36.796535,1574800
16/10/2012,44.619999,44.790001,44.360001,44.560001,36.837875,1345500
17/10/2012,44.66,45.200001,44.57,45.02,37.218159,2420500
18/10/2012,45.02,45.41,44.880001,45.27,37.424828,2151200
19/10/2012,45.110001,45.34,44.77,44.98,37.185089,2096400
22/10/2012,45.02,45.139999,44.689999,44.950001,37.160286,1765900
23/10/2012,44.700001,44.84,44.369999,44.619999,36.887478,1893300
24/10/2012,44.52,44.689999,43.68,43.82,36.226112,3822600
25/10/2012,44.099998,44.290001,43.689999,43.91,36.300514,6292600
26/10/2012,43.990002,44.07,43.689999,43.950001,36.333588,6276800
31/10/2012,44.189999,44.549999,43.990002,44.439999,36.738667,2416200
01/11/2012,44.57,44.619999,44.299999,44.389999,36.69733,1860000
02/11/2012,44.639999,44.639999,44.169998,44.23,36.56506,1999800
05/11/2012,44.060001,44.139999,43.450001,43.490002,35.953304,2249300
06/11/2012,43.529999,43.720001,43.25,43.32,35.812756,3770000
07/11/2012,42.25,42.549999,41.799999,42.07,35.160858,4281800
08/11/2012,42.07,42.540001,42.029999,42.040001,35.135796,2626300
09/11/2012,41.91,42.16,41.75,41.799999,34.935196,2002400
12/11/2012,41.779999,41.869999,41.049999,41.27,34.492241,2849900
13/11/2012,41.139999,41.650002,41.099998,41.34,34.550743,2753900
14/11/2012,41.369999,41.459999,41.009998,41.18,34.417027,2695100
15/11/2012,41.09,41.470001,40.720001,40.959999,34.233154,2553700
16/11/2012,41,41.560001,40.779999,41.52,34.701187,2616300
19/11/2012,41.689999,41.75,41.189999,41.450001,34.642685,2193700
20/11/2012,41.450001,41.5,41.009998,41.18,34.417027,3050800
21/11/2012,41.27,41.27,40.560001,40.990002,34.258232,2702600
23/11/2012,41.07,41.099998,40.68,41.029999,34.29166,1179400
26/11/2012,40.98,41.610001,40.93,41.48,34.667747,2659100
27/11/2012,41.48,41.759998,41.310001,41.450001,34.642685,2342900
28/11/2012,41.470001,41.880001,41.240002,41.880001,35.002068,2192100
29/11/2012,41.849998,42.209999,41.720001,42.18,35.2528,2157600
30/11/2012,42.369999,42.669998,42.16,42.650002,35.645603,3183900
03/12/2012,42.650002,42.700001,42.099998,42.279999,35.336365,2208900
04/12/2012,42.360001,42.48,42.27,42.349998,35.394878,1500200
05/12/2012,42.34,43.459999,42.330002,43.200001,36.105286,3452900
06/12/2012,43.23,43.43,43.040001,43.27,36.163784,1659200
07/12/2012,43.360001,43.48,43.029999,43.27,36.163784,1948700
10/12/2012,43.310001,43.419998,43.119999,43.369999,36.247356,1688700
11/12/2012,43.41,43.630001,43.290001,43.439999,36.305862,2283900
12/12/2012,43.48,43.759998,43.360001,43.48,36.339294,2176400
13/12/2012,43.470001,43.540001,42.860001,42.939999,35.887974,2092900
14/12/2012,42.860001,43.099998,42.740002,42.84,35.804401,2204300
17/12/2012,42.889999,43.599998,42.889999,43.529999,36.381081,2400800
18/12/2012,43.5,44.099998,43.380001,43.91,36.698673,3328400
19/12/2012,44.040001,44.040001,43.48,43.509998,36.364361,2039100
20/12/2012,43.599998,43.779999,43.470001,43.599998,36.439583,2170300
21/12/2012,43.099998,43.619999,42.970001,43.450001,36.314224,5648100
24/12/2012,43.41,43.459999,42.990002,43.200001,36.105286,954800
26/12/2012,43.279999,43.360001,42.73,42.790001,35.762611,1760100
27/12/2012,42.700001,42.91,42.240002,42.639999,35.637245,2377700
28/12/2012,42.41,42.66,42.209999,42.209999,35.277866,1726400
31/12/2012,42.119999,42.73,41.919998,42.68,35.670681,3289000
02/01/2013,43.169998,43.650002,43.139999,43.650002,36.481384,3979400
03/01/2013,43.650002,43.860001,43.529999,43.619999,36.456303,2355300
04/01/2013,43.639999,43.720001,43.48,43.549999,36.397797,2679200
07/01/2013,43.43,43.52,43.169998,43.369999,36.247356,2361500
08/01/2013,43.27,43.400002,43.110001,43.150002,36.063488,2517400
09/01/2013,43.099998,43.279999,42.919998,43.16,36.071857,2064800
10/01/2013,43.25,43.549999,43.119999,43.549999,36.397797,2071000
11/01/2013,43.34,43.59,43.049999,43.240002,36.138714,2849600
14/01/2013,43.240002,43.380001,43.139999,43.240002,36.138714,2047000
15/01/2013,43.110001,43.220001,42.98,43.16,36.071857,2187600
16/01/2013,43.16,43.279999,43.07,43.119999,36.038422,1564500
17/01/2013,43.009998,43.400002,42.939999,43.200001,36.105286,1902200
18/01/2013,43.23,43.509998,43.02,43.509998,36.364361,2346400
22/01/2013,43.369999,44.02,43.299999,44.02,36.790607,2295300
23/01/2013,43.91,44.220001,43.580002,44.099998,36.85746,3530700
24/01/2013,44.23,44.380001,44.040001,44.189999,36.932697,2274300
25/01/2013,44.279999,44.470001,44.130001,44.459999,37.158352,6944000
28/01/2013,44.509998,44.529999,44.16,44.490002,37.183426,7392200
29/01/2013,44.52,45.119999,44.48,45.02,37.626377,8931200
30/01/2013,45,45.259998,44.900002,45.110001,37.701595,3019000
31/01/2013,45.080002,45.34,45.040001,45.290001,37.852039,2426600
01/02/2013,45.48,45.48,45.209999,45.240002,37.810246,2372700
04/02/2013,45.16,45.290001,44.950001,45,37.609661,3576400
05/02/2013,45.049999,45.299999,44.799999,44.849998,37.484303,3095700
06/02/2013,44.34,44.610001,44.23,44.580002,37.653233,3153400
07/02/2013,44.759998,44.860001,44.349998,44.5,37.585659,2004100
08/02/2013,44.549999,44.630001,44.25,44.57,37.644783,2312800
11/02/2013,44.57,44.740002,44.48,44.73,37.779915,1372400
12/02/2013,44.73,44.939999,44.599998,44.900002,37.923512,1694300
13/02/2013,44.869999,45.040001,44.759998,44.93,37.948841,1324500
14/02/2013,44.759998,44.810001,44.41,44.77,37.813702,3665200
15/02/2013,44.84,45.200001,44.759998,45.130001,38.117771,4384900
19/02/2013,45.200001,45.68,45.139999,45.560001,38.480953,3398700
20/02/2013,45.630001,45.889999,45.509998,45.57,38.489391,3319100
21/02/2013,45.43,45.560001,45.23,45.360001,38.312027,2481200
22/02/2013,45.560001,46.18,45.5,46.18,39.004623,2171700
25/02/2013,46.25,46.459999,45.68,45.68,38.582306,3086700
26/02/2013,46.130001,46.43,45.759998,46.330002,39.131317,3965600
27/02/2013,46.360001,46.709999,46.169998,46.66,39.410038,2200100
28/02/2013,46.619999,47.029999,46.459999,46.790001,39.519833,2456100
01/03/2013,46.619999,46.790001,46.360001,46.709999,39.452267,2979800
04/03/2013,46.619999,47.52,46.549999,47.459999,40.085732,3842200
05/03/2013,47.540001,47.869999,47.439999,47.66,40.254658,2806300
06/03/2013,47.68,47.810001,47.43,47.66,40.254658,1986000
07/03/2013,47.639999,47.880001,47.389999,47.389999,40.026615,1690800
08/03/2013,47.59,47.59,47.139999,47.490002,40.11108,2298700
11/03/2013,47.380001,47.580002,47.279999,47.380001,40.018162,2167400
12/03/2013,47.389999,47.52,47.09,47.290001,39.94215,2003200
13/03/2013,47.299999,47.5,47.200001,47.439999,40.068848,1359400
14/03/2013,47.52,47.689999,47.299999,47.68,40.271545,2228000
15/03/2013,47.439999,48.150002,47.369999,47.900002,40.457363,3267700
18/03/2013,47.720001,47.91,47.630001,47.689999,40.279995,2019700
19/03/2013,47.77,47.990002,47.5,47.700001,40.288445,1847100
20/03/2013,47.849998,48.189999,47.779999,48.060001,40.592506,2084700
21/03/2013,47.900002,48.029999,47.599998,47.630001,40.229321,1921900
22/03/2013,47.689999,48.09,47.650002,47.860001,40.423588,1561600
25/03/2013,48,48.23,47.490002,47.66,40.254658,2029800
26/03/2013,47.77,48.139999,47.639999,48.029999,40.567169,1380300
27/03/2013,47.740002,48.189999,47.619999,48.150002,40.668522,1819600
28/03/2013,48.169998,48.68,48.099998,48.630001,41.07394,2803400
01/04/2013,48.549999,48.599998,48.389999,48.5,40.964134,1561100
02/04/2013,48.619999,48.880001,48.18,48.34,40.829006,3028400
03/04/2013,48.419998,48.48,47.939999,48.099998,40.626289,2125200
04/04/2013,48.150002,48.720001,48.150002,48.66,41.099281,2086200
05/04/2013,48.299999,48.830002,48.040001,48.709999,41.141525,2237200
08/04/2013,48.650002,49.240002,48.540001,49.23,41.580719,1891800
09/04/2013,49.330002,49.330002,48.970001,49,41.386452,1680200
10/04/2013,49.07,49.759998,49.07,49.639999,41.927013,2556200
11/04/2013,49.700001,50,49.470001,49.93,42.171947,2405400
12/04/2013,49.84,50.040001,49.720001,49.98,42.21418,1685200
15/04/2013,49.82,49.959999,49.07,49.07,41.445572,2259300
16/04/2013,49.18,49.57,48.900002,49.540001,41.842545,2412900
17/04/2013,49.419998,49.599998,48.91,49.369999,41.698963,2681200
18/04/2013,49.470001,49.560001,49.16,49.48,41.791862,2263200
19/04/2013,49.610001,50.099998,49.490002,49.939999,42.180389,3046800
22/04/2013,49.950001,50.59,49.810001,50.369999,42.543587,2396700
23/04/2013,50.330002,50.639999,50.130001,50.639999,42.771626,2659900
24/04/2013,50.759998,51.139999,50.43,50.900002,42.991234,2751500
25/04/2013,51,51.169998,50.650002,50.759998,42.872974,7199500
26/04/2013,50.189999,50.880001,50.18,50.540001,42.687168,7132800
29/04/2013,50.73,51.380001,50.560001,51.310001,43.337528,7912900
30/04/2013,51.27,51.5,51.119999,51.43,43.438885,2638400
01/05/2013,51.48,51.599998,51.119999,51.23,43.269951,2669700
02/05/2013,51.23,51.360001,50.939999,51.169998,43.219284,2163500
03/05/2013,51.389999,51.5,51.02,51.080002,43.143265,2820800
06/05/2013,50.990002,51.099998,50.439999,50.459999,42.619606,2611700
07/05/2013,50.549999,51.080002,50.48,51.07,43.134815,2580600
08/05/2013,50.419998,50.549999,49.900002,50.119999,42.742519,3171700
09/05/2013,50.099998,50.25,48.73,48.830002,41.642418,3444800
10/05/2013,48.779999,48.93,48.41,48.82,41.633884,2691200
13/05/2013,48.669998,48.77,48.439999,48.669998,41.505959,2768000
14/05/2013,48.740002,48.959999,48.549999,48.869999,41.676529,2484100
15/05/2013,48.860001,49.75,48.790001,49.41,42.137043,2862700
16/05/2013,49.32,49.450001,48.990002,49.049999,41.830032,2228100
17/05/2013,49.150002,49.650002,49.080002,49.639999,42.333187,2243200
20/05/2013,49.59,49.790001,49.41,49.470001,42.188206,1751500
21/05/2013,49.470001,49.669998,49.099998,49.360001,42.094398,2032000
22/05/2013,49.299999,49.880001,48.490002,48.59,41.43774,2938900
23/05/2013,48.18,48.540001,46.07,48.279999,41.17337,2947100
24/05/2013,47.959999,48.23,47.619999,47.709999,40.687271,2110600
28/05/2013,47.139999,47.23,46.310001,46.560001,39.706551,7232600
29/05/2013,46.16,46.299999,45.57,46.189999,39.39101,4280200
30/05/2013,46.380001,47.529999,46.049999,46.09,39.305725,3593300
31/05/2013,45.970001,46.709999,45.77,45.82,39.075474,2809700
03/06/2013,45.799999,46.310001,45.02,46.139999,39.348373,4676200
04/06/2013,46.02,46.27,45.779999,46.049999,39.271618,3282800
05/06/2013,45.869999,45.93,45.5,45.610001,38.896378,2828800
06/06/2013,45.639999,45.84,45.220001,45.669998,38.947552,4674300
07/06/2013,45.75,46.349998,45.630001,46.150002,39.356899,4548700
10/06/2013,46.360001,46.490002,45.779999,45.91,39.152214,4701600
11/06/2013,45.560001,45.84,45.310001,45.360001,38.683186,3272500
12/06/2013,45.73,46.07,45.099998,45.200001,38.546741,3535200
13/06/2013,45.23,45.950001,44.860001,45.919998,39.160755,3010200
14/06/2013,45.799999,46.18,45.459999,45.509998,38.811096,3946000
17/06/2013,45.75,46,45.41,45.57,38.86227,3553500
18/06/2013,45.610001,46.110001,45.490002,45.900002,39.143696,2853400
19/06/2013,45.810001,45.93,44.779999,44.790001,38.197079,4245600
20/06/2013,44.549999,44.549999,43.099998,43.189999,36.8326,5732500
21/06/2013,43.5,44.040001,42.830002,43.779999,37.335747,5149500
24/06/2013,43.459999,43.959999,42.950001,43.57,37.156662,2795600
25/06/2013,43.830002,44.290001,43.41,43.91,37.446617,3178000
26/06/2013,44.189999,44.709999,44.16,44.599998,38.035053,2735300
27/06/2013,44.709999,45.240002,44.389999,44.48,37.93272,2815700
28/06/2013,44.529999,45.049999,44.34,44.779999,38.188553,3285000
01/07/2013,44.98,45.110001,44.220001,44.470001,37.924187,3251100
02/07/2013,44.349998,44.779999,44.27,44.48,37.93272,4815400
03/07/2013,44.299999,44.630001,44.169998,44.459999,37.915657,1147700
05/07/2013,44.52,44.610001,43.75,44.279999,37.76215,1870500
08/07/2013,44.299999,44.93,44.169998,44.57,38.009468,4108200
09/07/2013,44.75,44.880001,44.5,44.57,38.009468,4151500
10/07/2013,44.610001,45.490002,44.52,45.419998,38.734348,3457800
11/07/2013,45.82,46.290001,45.59,46.240002,39.433655,3857300
12/07/2013,46.27,46.619999,45.970001,46.549999,39.698025,3187400
15/07/2013,46.450001,47.580002,46.369999,47.5,40.508183,3096200
16/07/2013,47.580002,47.580002,46.919998,47.23,40.277927,2637600
17/07/2013,47.560001,47.59,46.779999,47.09,40.158535,2040600
18/07/2013,47.16,47.450001,47.049999,47.220001,40.269405,2457100
19/07/2013,47.23,47.43,47.060001,47.139999,40.201176,2695500
22/07/2013,47.060001,47.27,47.049999,47.09,40.158535,1334800
23/07/2013,47.110001,47.389999,47.009998,47.099998,40.167068,1702100
24/07/2013,47.02,47.110001,46.189999,46.380001,39.553043,2503000
25/07/2013,46.080002,46.439999,45.759998,45.810001,39.066952,12943700
26/07/2013,45.740002,46.470001,45.580002,46.470001,39.629791,11332000
29/07/2013,46.18,47.02,46.18,46.700001,39.825951,10545700
30/07/2013,46.880001,47.139999,46.529999,46.549999,39.698025,2368000
31/07/2013,46.549999,46.650002,46,46.349998,39.527462,3230500
01/08/2013,46.48,46.650002,45.939999,46.549999,39.698025,2974400
02/08/2013,46.439999,46.599998,46.27,46.580002,39.723606,1887100
05/08/2013,46.5,46.529999,46.220001,46.389999,39.561569,1623600
06/08/2013,46.380001,46.380001,45.650002,45.790001,39.049889,3404600
07/08/2013,45.18,45.650002,45.110001,45.470001,39.196438,3127500
08/08/2013,45.52,45.650002,45.259998,45.52,39.239529,2114400
09/08/2013,45.439999,45.630001,44.970001,45,38.791279,2556100
12/08/2013,44.869999,44.889999,44.459999,44.689999,38.524048,2688400
13/08/2013,44.709999,44.740002,44.25,44.310001,38.196476,2176500
14/08/2013,44.200001,44.389999,43.830002,44.369999,38.248199,2791500
15/08/2013,44.150002,44.299999,43.700001,43.779999,37.739605,2388600
16/08/2013,43.630001,43.689999,42.939999,43.310001,37.33445,3008100
19/08/2013,43.23,43.470001,42.650002,42.68,36.791374,2644200
20/08/2013,42.66,43.459999,42.650002,42.82,36.91206,4807800
21/08/2013,42.77,42.830002,42.279999,42.369999,36.524139,3476600
22/08/2013,42.400002,42.77,42.330002,42.689999,36.799992,3055800
23/08/2013,42.810001,43.349998,42.709999,43.16,37.205151,4322400
26/08/2013,43.200001,43.220001,42.59,42.650002,36.765507,2297300
27/08/2013,42.279999,43,42.259998,42.77,36.868954,3319700
28/08/2013,42.84,43.18,42.529999,43.009998,37.075836,2068400
29/08/2013,42.860001,43.02,42.549999,42.689999,36.799992,1719200
30/08/2013,42.709999,43.029999,42.599998,42.799999,36.894821,1940600
03/09/2013,43.029999,43.130001,42.07,42.16,36.343117,2556800
04/09/2013,42.16,42.34,41.830002,42.209999,36.386223,2316400
05/09/2013,42.189999,42.450001,42.07,42.139999,36.325874,2250300
06/09/2013,42.380001,43,42.360001,42.560001,36.687935,3384100
09/09/2013,42.639999,42.77,42.41,42.669998,36.782757,2010800
10/09/2013,42.799999,42.990002,42.560001,42.889999,36.972397,2129200
11/09/2013,42.810001,42.869999,42.16,42.209999,36.386223,4358700
12/09/2013,42.330002,42.549999,41.860001,41.919998,36.13623,3227800
13/09/2013,42.099998,42.900002,42.049999,42.619999,36.739643,4836600
16/09/2013,43.220001,43.450001,42.720001,42.82,36.91206,3005300
17/09/2013,42.860001,43.23,42.779999,43.200001,37.239632,2611900
18/09/2013,43.049999,45.110001,42.919998,44.810001,38.627491,6238000
19/09/2013,44.919998,45.119999,44.32,44.669998,38.506809,4187000
20/09/2013,44.560001,44.630001,43.66,43.73,37.696507,3950200
23/09/2013,43.82,44.720001,43.700001,44.330002,38.21373,3713600
24/09/2013,44.330002,44.369999,44.07,44.209999,38.110275,2460900
25/09/2013,44.299999,44.360001,43.77,43.790001,37.74823,2153200
26/09/2013,43.740002,43.990002,43.450001,43.639999,37.618919,1724300
27/09/2013,43.349998,43.75,43.220001,43.439999,37.446514,1803700
30/09/2013,43.23,43.599998,43.150002,43.349998,37.368931,2429300
01/10/2013,43.52,43.810001,43.330002,43.720001,37.687881,2163700
02/10/2013,43.619999,43.880001,43.439999,43.880001,37.825806,2359000
03/10/2013,43.599998,43.650002,43.189999,43.330002,37.3517,3108300
04/10/2013,43.389999,43.610001,43.200001,43.34,37.360306,1707800
07/10/2013,43.080002,43.57,43.02,43.139999,37.187908,1767900
08/10/2013,43.029999,43.93,43.009998,43.490002,37.489613,2698600
09/10/2013,43.529999,44.419998,43.459999,43.68,37.653408,3545900
10/10/2013,43.759998,44.200001,43.259998,44.139999,38.049934,2682300
11/10/2013,44.07,44.360001,43.959999,44.27,38.161991,1891500
14/10/2013,44.169998,44.209999,43.369999,44.07,37.98959,2827400
15/10/2013,43.860001,44.009998,43.419998,43.48,37.480995,2292300
16/10/2013,43.549999,43.77,43.290001,43.77,37.73098,2531200
17/10/2013,43.73,44.75,43.540001,44.630001,38.472332,3592300
18/10/2013,44.619999,44.93,44.439999,44.82,38.636116,2688600
21/10/2013,44.84,44.880001,44.380001,44.639999,38.480946,2406800
22/10/2013,44.709999,45.509998,44.5,45.240002,38.998165,3655300
23/10/2013,46,47.009998,45.419998,46.52,40.101563,6079300
24/10/2013,46.52,46.799999,46.16,46.720001,40.273964,8961900
25/10/2013,46.68,47.299999,46.439999,47.279999,40.756702,9816800
28/10/2013,47.23,47.560001,47.130001,47.299999,40.773945,12285900
29/10/2013,47.380001,47.59,47.150002,47.27,40.748085,3176300
30/10/2013,47.419998,47.580002,47.040001,47.099998,40.601528,3836900
31/10/2013,47.16,47.27,46.34,46.84,40.377407,3948600
01/11/2013,47,47.279999,46.869999,47.040001,40.549809,2989200
04/11/2013,47.209999,47.27,46.68,47.189999,40.679119,3914900
05/11/2013,47.189999,47.369999,46.57,46.57,40.144653,5175800
06/11/2013,46.25,46.790001,46.049999,46.740002,40.728489,3399200
07/11/2013,46.75,46.880001,46.169998,46.25,40.301517,3239700
08/11/2013,46.09,46.279999,45.349998,46.25,40.301517,3783600
11/11/2013,46.82,47.779999,46.549999,47.099998,41.042187,5700900
12/11/2013,47.759998,47.849998,47.299999,47.369999,41.277462,7700500
13/11/2013,47.169998,47.330002,46.549999,47.32,41.233883,4503700
14/11/2013,47.41,47.740002,47.27,47.59,41.469166,3672700
15/11/2013,47.459999,47.849998,47.310001,47.84,41.687008,3113500
18/11/2013,48.240002,48.400002,48,48.32,42.105282,4476700
19/11/2013,48.200001,48.389999,47.84,48.009998,41.835155,3682700
20/11/2013,48.09,48.259998,47.459999,47.509998,41.399456,3390500
21/11/2013,47.610001,47.869999,47.360001,47.630001,41.504025,2524200
22/11/2013,47.540001,47.790001,47.32,47.700001,41.565022,2622700
25/11/2013,47.700001,47.860001,47.419998,47.549999,41.434307,2935800
26/11/2013,47.619999,47.779999,47.34,47.439999,41.338455,3647500
27/11/2013,47.419998,47.529999,47.009998,47.07,41.016048,3276600
29/11/2013,47.080002,47.509998,47.049999,47.060001,41.007332,1519200
02/12/2013,47.209999,47.209999,46.349998,46.630001,40.632637,3557600
03/12/2013,46.439999,46.98,46.360001,46.869999,40.841774,3170900
04/12/2013,46.73,47.139999,46.450001,46.860001,40.833057,3559500
05/12/2013,46.720001,46.82,46.400002,46.48,40.501934,4218000
06/12/2013,46.540001,47.200001,46.509998,47.099998,41.042187,3607600
09/12/2013,46.93,46.990002,46.389999,46.720001,40.711067,4209500
10/12/2013,46.84,46.950001,46.060001,46.16,40.223087,3488400
11/12/2013,46.25,46.25,45.720001,45.779999,39.89196,2954200
12/12/2013,45.830002,46.259998,45.75,45.889999,39.987812,2806000
13/12/2013,45.889999,46.09,45.57,45.799999,39.909393,2180000
16/12/2013,46.049999,46.48,45.73,45.970001,40.057533,3333200
17/12/2013,46,46.02,45.66,45.82,39.926807,2334600
18/12/2013,45.919998,46.529999,45.240002,46.509998,40.528065,3408300
19/12/2013,46.200001,46.59,45.560001,46.380001,40.414795,4386300
20/12/2013,46.450001,47.09,46.419998,46.720001,40.711067,4407100
23/12/2013,46.950001,47,46.360001,46.41,40.440929,2466500
24/12/2013,46.349998,46.689999,46.18,46.59,40.59779,602400
26/12/2013,46.689999,46.77,46.34,46.419998,40.44965,1527100
27/12/2013,46.360001,46.529999,46.150002,46.5,40.519356,1657200
30/12/2013,46.580002,46.689999,46.419998,46.639999,40.641346,1920900
31/12/2013,46.77,46.849998,46.490002,46.740002,40.728489,1454700
02/01/2014,46.98,47.060001,46.040001,46.130001,40.196941,2752000
03/01/2014,46.25,46.419998,45.799999,46.110001,40.179523,2419200
06/01/2014,46.139999,46.360001,45.919998,46.080002,40.153385,2223600
07/01/2014,46.119999,46.490002,46.060001,46.380001,40.414795,1789600
08/01/2014,46.330002,46.419998,45.939999,46.099998,40.170799,2552100
09/01/2014,46.200001,46.310001,46,46.279999,40.327663,1924800
10/01/2014,46.59,47.59,46.580002,47.200001,41.12933,2991500
13/01/2014,47.040001,47.169998,46.459999,46.669998,40.667488,2752000
14/01/2014,46.700001,46.82,46.380001,46.509998,40.528065,2192000
15/01/2014,46.509998,46.580002,46.27,46.450001,40.4758,1742900
16/01/2014,46.450001,46.669998,46.34,46.580002,40.589081,1593700
17/01/2014,46.68,46.790001,46.43,46.77,40.754627,2179900
21/01/2014,46.93,47.360001,46.93,47.34,41.251316,1847800
22/01/2014,47.349998,47.59,47.23,47.52,41.408173,2142400
23/01/2014,47.450001,47.650002,47.150002,47.630001,41.504025,3335200
24/01/2014,47.459999,47.689999,46.77,46.77,40.754627,3718700
27/01/2014,46.810001,47.389999,46.610001,47.18,41.111897,3434500
28/01/2014,47.25,47.52,47.060001,47.509998,41.399456,2319300
29/01/2014,47.330002,47.970001,47.27,47.59,41.469166,3303000
30/01/2014,47.68,48.419998,47.669998,48.240002,42.035572,2793400
31/01/2014,47.950001,48.98,47.82,48.810001,42.532265,4221400
03/02/2014,48.93,49.389999,48.209999,48.310001,42.096569,5001600
04/02/2014,48.57,48.610001,48.049999,48.5,42.262123,4266200
05/02/2014,48.34,48.369999,47.790001,47.950001,41.782871,3380500
06/02/2014,47.43,47.619999,47.23,47.599998,41.91494,3646000
07/02/2014,47.75,48.060001,47.610001,48.029999,42.293591,2486100
10/02/2014,47.93,48.279999,47.529999,48.25,42.487316,3114400
11/02/2014,48.189999,48.790001,48.150002,48.639999,42.830734,2198900
12/02/2014,48.540001,48.98,48.41,48.98,43.130138,2707200
13/02/2014,48.810001,49.740002,48.75,49.700001,43.764149,2801700
14/02/2014,49.560001,50.119999,49.41,50.110001,44.125175,2310500
18/02/2014,50.16,50.5,50.09,50.389999,44.371727,3077700
19/02/2014,50.25,50.759998,50.080002,50.150002,44.160397,2344900
20/02/2014,50.080002,50.759998,49.799999,50.34,44.327702,3151700
21/02/2014,50.369999,50.889999,50.360001,50.560001,44.521427,2979800
24/02/2014,50.599998,50.869999,50.049999,50.07,44.089947,2823000
25/02/2014,50.18,50.57,49.93,50.060001,44.081146,2398700
26/02/2014,50.290001,50.560001,50.02,50.27,44.266064,2034200
27/02/2014,50.220001,50.380001,49.610001,49.799999,43.852192,2966800
28/02/2014,49.91,50.43,49.889999,50.200001,44.204426,2665000
03/03/2014,49.970001,50.200001,49.639999,49.720001,43.78175,2023600
04/03/2014,50.099998,50.330002,49.880001,50.049999,44.072342,2507500
05/03/2014,50.110001,50.299999,49.619999,49.68,43.746532,2044800
06/03/2014,49.77,49.889999,49.189999,49.25,43.367889,2104200
07/03/2014,49.080002,49.380001,48.630001,49.330002,43.438328,2484000
10/03/2014,49.32,49.580002,48.970001,49.209999,43.332661,2497800
11/03/2014,49.310001,49.360001,48.560001,48.700001,42.883572,3522500
12/03/2014,48.630001,49.509998,48.57,49.5,43.58802,2037500
13/03/2014,49.549999,50.099998,49.41,49.91,43.949059,2395000
14/03/2014,49.900002,50.380001,49.759998,50.110001,44.125175,1993200
17/03/2014,50.209999,50.400002,49.830002,50.290001,44.283676,2324000
18/03/2014,50.41,50.490002,50.060001,50.16,44.169201,2129600
19/03/2014,50.169998,50.259998,48.880001,48.939999,43.094906,4187000
20/03/2014,48.830002,48.950001,48.310001,48.75,42.927605,3756500
21/03/2014,48.950001,49.610001,48.689999,48.889999,43.05088,5434900
24/03/2014,48.860001,49.290001,48.73,48.759998,42.936405,4289500
25/03/2014,48.849998,49.470001,48.529999,49.369999,43.473553,4703000
26/03/2014,49.43,49.650002,49.189999,49.32,43.429527,2936300
27/03/2014,49.279999,49.950001,48.990002,49.799999,43.852192,4253000
28/03/2014,49.82,50.169998,49.650002,50,44.028301,2668100
31/03/2014,50.18,50.950001,50,50.66,44.609486,3276700
01/04/2014,50.77,50.810001,50.169998,50.400002,44.380539,3006200
02/04/2014,50.369999,50.560001,49.990002,50.41,44.389332,2759500
03/04/2014,50.5,50.75,50.310001,50.57,44.530228,1962100
04/04/2014,50.779999,51.400002,50.610001,50.779999,44.715145,2778200
07/04/2014,50.900002,51.310001,50.68,50.689999,44.635899,2786000
08/04/2014,50.779999,51.5,50.349998,51.41,45.269905,2909000
09/04/2014,51.43,51.619999,50.950001,51.540001,45.384388,3132100
10/04/2014,51.599998,51.900002,50.959999,50.990002,44.90007,3935300
11/04/2014,51.110001,51.470001,50.860001,50.900002,44.82082,3052400
14/04/2014,51.259998,51.43,50.799999,51.279999,45.155437,2863400
15/04/2014,51.32,52.349998,51.25,52.32,46.07122,3915900
16/04/2014,52.27,52.5,52.02,52.5,46.229725,2526000
17/04/2014,52.349998,52.599998,51.630001,51.73,45.551697,2165300
21/04/2014,51.580002,52.16,51.43,51.650002,45.481239,2344200
22/04/2014,51.650002,51.82,51.220001,51.669998,45.498852,2783200
23/04/2014,51.75,52.360001,51.700001,51.900002,45.701389,3055300
24/04/2014,52.060001,52.759998,51.639999,52.330002,46.080029,4579000
25/04/2014,53.09,53.580002,52.639999,53.380001,47.00462,4546300
28/04/2014,53.599998,54.52,53.599998,54.439999,47.93803,4753100
29/04/2014,54.450001,54.639999,53.810001,53.880001,47.444912,4460600
30/04/2014,53.990002,54.43,53.759998,53.810001,47.383274,3726900
01/05/2014,53.990002,54.060001,53.169998,53.869999,47.436096,3304600
02/05/2014,53.639999,53.639999,52.419998,52.830002,46.520313,3822900
05/05/2014,52.799999,53.389999,52.700001,53.360001,46.987011,2988100
06/05/2014,53.23,53.349998,52.84,52.849998,46.537922,2973600
07/05/2014,52.470001,53.52,52.360001,53.5,47.560242,3366800
08/05/2014,53.490002,53.57,52.869999,53.060001,47.169106,3110500
09/05/2014,53.07,53.259998,52.279999,52.32,46.511253,3482400
12/05/2014,52.490002,52.509998,51.599998,51.759998,46.013428,3597700
13/05/2014,51.98,52.27,51.810001,52.23,46.431252,2939900
14/05/2014,52.23,52.880001,52.18,52.360001,46.546814,2721300
15/05/2014,52.369999,52.57,51.950001,52.02,46.244568,2302400
16/05/2014,52.130001,52.720001,51.860001,52.700001,46.849068,3115900
19/05/2014,52.59,52.610001,51.009998,51.02,45.355583,4099100
20/05/2014,51.099998,51.529999,50.82,50.959999,45.30225,3391400
21/05/2014,51.060001,51.240002,50.880001,51.110001,45.435589,1665000
22/05/2014,51.169998,51.720001,51.110001,51.490002,45.773407,1813400
23/05/2014,51.439999,51.709999,51.32,51.41,45.702286,1597400
27/05/2014,52.130001,52.919998,52.040001,52.700001,46.849068,5163500
28/05/2014,52.66,52.990002,52.349998,52.939999,47.062416,3654400
29/05/2014,53.060001,53.110001,52.400002,52.790001,46.929077,3225900
30/05/2014,52.77,53.400002,52.759998,53.349998,47.426895,2757200
02/06/2014,53.200001,53.599998,53.040001,53.48,47.542465,2340200
03/06/2014,53.540001,54.200001,53.360001,53.939999,47.951397,4483100
04/06/2014,53.740002,54.040001,53.66,53.990002,47.995838,2753600
05/06/2014,53.540001,54.419998,53.540001,54.169998,48.155861,2778500
06/06/2014,54.5,54.529999,54.029999,54.07,48.066963,1601900
09/06/2014,53.919998,53.990002,53.369999,53.490002,47.551357,2240400
10/06/2014,53.48,53.790001,53.27,53.459999,47.524685,2508500
11/06/2014,53.400002,53.48,52.5,52.529999,46.697937,2741500
12/06/2014,52.459999,52.759998,51.599998,52.59,46.751278,2368900
13/06/2014,52.52,52.939999,52.169998,52.779999,46.920185,1610100
16/06/2014,52.740002,53.709999,52.720001,53.09,47.195766,2415300
17/06/2014,52.82,52.990002,52.290001,52.810001,46.946854,1821300
18/06/2014,52.919998,54.139999,52.849998,54.119999,48.111412,3582800
19/06/2014,54.259998,54.990002,54.150002,54.900002,48.804817,3078400
20/06/2014,54.900002,54.950001,54.439999,54.48,48.431442,2506500
23/06/2014,54.529999,54.57,54.07,54.450001,48.404778,1794000
24/06/2014,54.25,54.82,54.25,54.650002,48.582573,1959900
25/06/2014,54.540001,55.240002,54.450001,55.119999,49.000393,2183700
26/06/2014,55.130001,55.130001,54.830002,55,48.893707,2534800
27/06/2014,54.98,55.41,54.75,55.330002,49.187077,2644400
30/06/2014,55.43,55.939999,55.16,55.77,49.57822,2343200
01/07/2014,55.830002,55.91,55.189999,55.209999,49.080402,1807000
02/07/2014,55.110001,55.189999,53.740002,54.169998,48.155861,2731400
03/07/2014,53.810001,53.84,53.189999,53.759998,47.791382,2020600
07/07/2014,53.540001,54.110001,53.540001,53.77,47.80027,2562900
08/07/2014,53.84,54.59,53.84,54.549999,48.493671,3120500
09/07/2014,54.790001,54.939999,54.299999,54.709999,48.635906,2651900
10/07/2014,54.5,54.889999,54.5,54.799999,48.715912,2153200
11/07/2014,54.75,54.950001,54.130001,54.310001,48.280315,1986400
14/07/2014,54.389999,54.560001,53.529999,53.599998,47.649147,3134200
15/07/2014,53.580002,54.189999,53.580002,53.93,47.942513,2701200
16/07/2014,54.040001,54.27,53.75,54.209999,48.191422,2044700
17/07/2014,54.16,54.259998,53.48,53.48,47.542465,2043000
18/07/2014,53.73,54.450001,53.540001,54.389999,48.351433,1936200
21/07/2014,54.32,54.360001,53.610001,54.040001,48.040298,2035900
22/07/2014,54.240002,54.32,53.939999,54.049999,48.049187,1213800
23/07/2014,54.060001,54.23,53.900002,53.970001,47.978062,1785400
24/07/2014,53.959999,54.049999,53.73,54.009998,48.013618,2192700
25/07/2014,54.25,54.720001,52.919998,53.220001,47.31134,3061600
28/07/2014,53.139999,54.66,53.029999,54.650002,48.582573,2907900
29/07/2014,54.799999,54.889999,54.07,54.09,48.08474,2069600
30/07/2014,54.110001,54.23,52.57,53,47.115761,2890000
31/07/2014,52.759998,52.93,51.959999,51.990002,46.217888,2509600
01/08/2014,52,52.810001,51.959999,52.310001,46.502357,2605500
04/08/2014,52.200001,52.200001,50.48,51.400002,45.693398,5778300
05/08/2014,51.279999,51.560001,50.700001,50.84,45.195572,2880800
06/08/2014,50.299999,50.330002,49.060001,49.279999,44.243896,5967200
07/08/2014,49.490002,50.150002,49.490002,49.84,44.746666,2914000
08/08/2014,49.849998,50.560001,49.849998,50.52,45.357174,2811700
11/08/2014,50.52,50.84,50.27,50.34,45.195572,1942800
12/08/2014,50.110001,50.68,50.110001,50.41,45.258419,2444800
13/08/2014,50.529999,50.939999,50.419998,50.77,45.581627,2732300
14/08/2014,50.779999,51.259998,50.779999,51.139999,45.913818,2181900
15/08/2014,51.16,51.619999,51.139999,51.419998,46.165199,2452900
18/08/2014,51.439999,51.849998,51.369999,51.470001,46.210087,2580700
19/08/2014,51.630001,52.209999,51.490002,52.200001,46.86549,2260400
20/08/2014,52.130001,52.439999,51.919998,52.380001,47.027096,2067800
21/08/2014,52.459999,52.970001,52.419998,52.799999,47.404179,2427500
22/08/2014,52.700001,52.869999,52.060001,52.540001,47.170738,2322800
25/08/2014,52.849998,53.02,52.580002,52.950001,47.538845,1214500
26/08/2014,53.02,53.290001,52.209999,52.259998,46.919357,1548900
27/08/2014,52.299999,53.18,52.299999,53.150002,47.718399,2317100
28/08/2014,52.950001,53.400002,52.900002,53.32,47.871033,1744400
29/08/2014,53.389999,53.709999,53.23,53.700001,48.2122,1525800
02/09/2014,53.66,53.73,52.75,52.880001,47.475994,2369600
03/09/2014,53.09,53.529999,53,53.360001,47.90694,1714600
04/09/2014,53.299999,53.41,52.75,53,47.58374,2261400
05/09/2014,53.240002,53.869999,53.040001,53.860001,48.355843,2236200
08/09/2014,53.830002,53.860001,53.330002,53.529999,48.05957,1892000
09/09/2014,53.25,53.400002,52.779999,52.990002,47.574757,2497500
10/09/2014,53.02,53.169998,52.68,52.990002,47.574757,2187000
11/09/2014,53.02,53.630001,52.959999,53.540001,48.068554,2041100
12/09/2014,53.32,53.380001,52.299999,52.48,47.116875,2058500
15/09/2014,52.52,52.93,52.419998,52.689999,47.305416,1758400
16/09/2014,52.73,53.790001,52.639999,53.630001,48.149353,2175900
17/09/2014,53.82,53.880001,53.049999,53.32,47.871033,2060300
18/09/2014,53.32,53.450001,52.529999,52.740002,47.350304,1704800
19/09/2014,52.860001,53.360001,52.709999,53.279999,47.835114,2386300
22/09/2014,53.130001,53.27,52.75,52.970001,47.556805,1213400
23/09/2014,52.900002,52.98,52.540001,52.560001,47.188698,2022700
24/09/2014,52.669998,52.720001,52.220001,52.470001,47.107903,2151000
25/09/2014,52.490002,52.66,52.080002,52.09,46.766724,1900100
26/09/2014,52.099998,52.5,51.580002,52.25,46.910374,1386600
29/09/2014,52.040001,52.32,51.720001,52.18,46.847538,2202100
30/09/2014,52.299999,52.759998,51.959999,52.209999,46.874458,2064900
01/10/2014,52.34,52.93,52.220001,52.380001,47.027096,2214100
02/10/2014,52.369999,52.779999,52.18,52.279999,46.937309,2363100
03/10/2014,52.380001,53.009998,51.970001,52.869999,47.467022,2055500
06/10/2014,53.049999,53.259998,52.610001,52.799999,47.404179,1448700
07/10/2014,52.689999,53.509998,52.610001,52.959999,47.547821,2845700
08/10/2014,52.889999,54.139999,52.889999,54.119999,48.589275,2316700
09/10/2014,54.119999,54.43,53.470001,53.560001,48.08651,3675200
10/10/2014,53.880001,54.5,53.73,53.889999,48.382778,2693700
13/10/2014,53.849998,54.939999,53.75,54.23,48.68803,2762800
14/10/2014,54.549999,55.619999,54.189999,54.720001,49.127964,3731700
15/10/2014,54.34,54.93,52.91,54.369999,48.813728,4725900
16/10/2014,53.57,54.060001,52.860001,53.939999,48.42767,3612500
17/10/2014,54.669998,54.790001,53.490002,54.610001,49.029198,3839500
20/10/2014,54.59,55.450001,54.5,55.360001,49.702557,2164300
21/10/2014,55.41,55.689999,55.009998,55.560001,49.882126,2766500
22/10/2014,55.560001,56.549999,55.5,55.919998,50.20533,3716100
23/10/2014,56.040001,56.299999,55.060001,55.279999,49.630733,4535400
24/10/2014,55.529999,56.669998,55.450001,56.470001,50.69912,2816600
27/10/2014,56.610001,57.389999,56.549999,56.759998,50.959484,3010200
28/10/2014,56.900002,56.959999,56.240002,56.59,50.806854,3322400
29/10/2014,56.709999,57.380001,56.169998,56.759998,50.959484,2668000
30/10/2014,57.009998,58.299999,56.869999,58.27,52.315174,3226700
31/10/2014,58.59,58.610001,58,58.34,52.378014,3034300
03/11/2014,58.41,58.799999,58.220001,58.650002,52.656334,2021300
04/11/2014,58.669998,58.950001,58.029999,58.130001,52.189484,2155900
05/11/2014,58.580002,59.84,58.419998,59.740002,53.634949,4670000
06/11/2014,58.549999,58.759998,57.07,57.869999,52.42112,4770600
07/11/2014,57.91,58.349998,57.669998,58.32,52.828747,1754400
10/11/2014,58.009998,58.560001,57.970001,58.380001,52.883099,2371000
11/11/2014,58.299999,58.439999,57.630001,57.939999,52.484531,2290400
12/11/2014,57.450001,57.650002,56.549999,56.869999,51.515274,3305400
13/11/2014,56.869999,57.25,56.169998,56.310001,51.008003,2860600
14/11/2014,56.18,56.380001,55.939999,56.060001,50.781548,2116000
17/11/2014,56.049999,57.259998,55.900002,57.189999,51.805145,2907000
18/11/2014,57.32,57.599998,56.950001,57.25,51.859497,2367400
19/11/2014,57.200001,57.360001,56.84,57.240002,51.850437,2302000
20/11/2014,57.09,57.549999,56.77,57.23,51.841385,2195800
21/11/2014,57.66,57.790001,56.779999,57.419998,52.013485,2329300
24/11/2014,57.419998,57.5,56.77,56.799999,51.451866,2094900
25/11/2014,56.950001,57,56.32,56.580002,51.252586,2786300
26/11/2014,56.740002,57,56.509998,56.66,51.325047,2049000
28/11/2014,56.82,57.75,56.82,57.549999,52.131252,1316000
01/12/2014,57.310001,58.349998,56.970001,58.009998,52.547935,2555800
02/12/2014,57.990002,58.549999,57.549999,58.360001,52.864983,2237700
03/12/2014,58.439999,58.619999,58.060001,58.509998,53.000854,2733000
04/12/2014,58.52,58.779999,58.060001,58.439999,52.937454,2091700
05/12/2014,57.75,58.299999,57.470001,57.759998,52.321476,1965100
08/12/2014,57.939999,58.799999,57.790001,58.759998,53.227318,2997500
09/12/2014,58.290001,59.349998,58.290001,58.869999,53.326962,3143200
10/12/2014,59.009998,59.580002,58.209999,58.23,52.747231,2365200
11/12/2014,58.490002,59.27,58.459999,58.860001,53.317902,2156200
12/12/2014,58.549999,59.349998,58.450001,58.689999,53.163914,3216400
15/12/2014,58.639999,58.919998,57.509998,58.080002,52.611347,2952400
16/12/2014,58.080002,58.77,57.200001,57.830002,52.384888,2128000
17/12/2014,57.93,58.98,57.93,58.82,53.28167,2406400
18/12/2014,59.029999,59.990002,58.82,59.98,54.332447,2622700
19/12/2014,60.009998,60.48,59.509998,59.889999,54.250919,3966700
22/12/2014,59.869999,60.150002,59.509998,60.150002,54.486439,1711800
23/12/2014,60.259998,60.48,60.060001,60.110001,54.450199,1693100
24/12/2014,60.25,61.450001,60.220001,61.310001,55.53722,1795100
26/12/2014,61.459999,62.389999,61.369999,61.990002,56.153191,2819000
29/12/2014,62,63.220001,62,62.91,56.986568,2573700
30/12/2014,62.799999,62.799999,61.560001,61.720001,55.908611,2001600
31/12/2014,61.82,62.029999,60.68,60.720001,55.002766,1942400
02/01/2015,60.880001,61.240002,60.389999,61.150002,55.392284,2007400
05/01/2015,61.099998,61.279999,59.970001,60.25,54.577015,2642600
06/01/2015,60.419998,61.84,60.369999,60.580002,54.87595,4166500
07/01/2015,60.709999,61.880001,60.360001,61.439999,55.65498,2798800
08/01/2015,61.630001,62.189999,61.630001,61.970001,56.135078,2470100
09/01/2015,62.029999,62.169998,61.150002,61.639999,55.836143,2413800
12/01/2015,61.880001,61.959999,61.099998,61.560001,55.763676,2411100
13/01/2015,62.040001,62.880001,61.52,61.869999,56.044491,2641900
14/01/2015,61.709999,62.830002,61.41,62.759998,56.850689,2599600
15/01/2015,62.799999,63.389999,62.540001,63.16,57.213028,2605300
16/01/2015,63.189999,63.599998,62.759998,63.57,57.584423,2334500
20/01/2015,64,64.050003,63.02,63.529999,57.548187,2258000
21/01/2015,63.380001,64.25,62.950001,64.139999,58.10075,2481300
22/01/2015,64.559998,64.629997,63.669998,64.080002,58.046402,1944700
23/01/2015,64.379997,64.900002,64.120003,64.519997,58.444973,2056600
26/01/2015,64.419998,64.599998,64.019997,64.57,58.490261,1802700
27/01/2015,64.410004,64.82,64.199997,64.25,58.200397,2736100
28/01/2015,64.279999,65.379997,63.25,63.380001,57.412315,3645700
29/01/2015,63.360001,63.990002,62.75,63.720001,57.720299,3007700
30/01/2015,63.59,64.269997,62.759998,62.810001,56.895985,3855900
02/02/2015,62.810001,63.509998,62.279999,63.060001,57.122444,3641300
03/02/2015,62.919998,63.139999,62.5,62.759998,56.850689,3641300
04/02/2015,62.75,63,62.02,62.220001,56.361538,3356200
05/02/2015,62.560001,62.689999,61.889999,62.450001,56.569881,2203200
06/02/2015,61.799999,62.029999,58.860001,59.150002,54.039215,4139600
09/02/2015,59.09,59.43,58.02,58.240002,53.207844,3748700
10/02/2015,58.259998,59.43,58.259998,59.310001,54.185394,3403500
11/02/2015,59.07,59.07,58.09,58.279999,53.244392,2820100
12/02/2015,58.279999,58.52,57.75,57.98,52.970303,3705200
13/02/2015,57.810001,58.110001,57.009998,57.830002,52.833275,3856600
17/02/2015,57.540001,58.470001,57.279999,57.869999,52.86982,4017900
18/02/2015,57.869999,59.310001,57.689999,59.119999,54.01181,3712600
19/02/2015,58.919998,59.07,58.029999,58.41,53.363159,2956500
20/02/2015,58.330002,58.77,57.639999,58.720001,53.64637,3899800
23/02/2015,58.77,59.150002,58.689999,59.09,53.984402,2136400
24/02/2015,58.990002,59.639999,58.75,59.279999,54.157978,2154200
25/02/2015,59.18,59.290001,58.029999,58.080002,53.061676,3058500
26/02/2015,58.220001,58.419998,57.299999,57.41,52.449566,3200600
27/02/2015,57.529999,57.889999,57.259998,57.580002,52.604877,2475400
02/03/2015,57.389999,57.580002,55.77,56.150002,51.298431,2989900
03/03/2015,56.080002,56.75,55.779999,56.73,51.828316,2959500
04/03/2015,56.450001,57.549999,56.25,56.580002,51.691273,3194000
05/03/2015,57,57.5,56.84,57.080002,52.148079,2319900
06/03/2015,56.52,56.52,54.66,55.009998,50.256931,3794800
09/03/2015,55.099998,55.52,54.939999,55.18,50.412239,2303900
10/03/2015,55.060001,55.849998,54.93,55.259998,50.485325,2588200
11/03/2015,55.27,55.560001,54.700001,54.77,50.037666,2108000
12/03/2015,55.040001,56.23,54.93,55.970001,51.13398,2256900
13/03/2015,55.849998,55.849998,54.700001,55.310001,50.531006,2303500
16/03/2015,55.5,56.540001,55.48,56.16,51.307568,1875900
17/03/2015,55.880001,56.43,55.73,55.900002,51.07003,2369400
18/03/2015,55.93,57.939999,55.669998,57.549999,52.577465,3072500
19/03/2015,57.389999,57.950001,56.860001,57.049999,52.12067,2227200
20/03/2015,57.32,57.98,57.02,57.700001,52.714504,3453300
23/03/2015,57.709999,58.150002,57.599998,57.950001,52.942902,1905600
24/03/2015,57.849998,58.279999,57.07,57.25,52.303391,1919600
25/03/2015,57.32,57.75,55.880001,55.91,51.079166,5557100
26/03/2015,55.799999,56.23,55.09,55.330002,50.549282,3077200
27/03/2015,55.400002,56.48,55.220001,55.900002,51.07003,2544900
30/03/2015,56.07,56.900002,55.860001,56.580002,51.691273,1869100
31/03/2015,56.470001,57.07,56.099998,56.25,51.38979,3366600
01/04/2015,56.220001,56.630001,55.630001,56.369999,51.49942,3031500
02/04/2015,56.32,56.650002,56.16,56.459999,51.581646,2277300
06/04/2015,56.639999,57.509998,56.639999,57.099998,52.166348,1794000
07/04/2015,57.009998,57.169998,56.349998,56.369999,51.49942,1869700
08/04/2015,56.389999,56.439999,55.66,55.98,51.14312,2953700
09/04/2015,56.049999,56.080002,55.380001,55.790001,50.969536,1926000
10/04/2015,55.959999,56.580002,55.790001,56.389999,51.517693,1279100
13/04/2015,56.209999,56.360001,55.639999,55.669998,50.859901,1128400
14/04/2015,55.779999,56.279999,55.700001,56.099998,51.252743,1786000
15/04/2015,56.220001,56.77,56.099998,56.360001,51.490284,2216500
16/04/2015,56.18,56.220001,55.529999,55.849998,51.024349,2762000
17/04/2015,55.619999,56.389999,55.509998,55.73,50.914719,1980100
20/04/2015,55.849998,57.09,55.84,56.630001,51.736958,2408500
21/04/2015,56.669998,57.07,55.77,55.970001,51.13398,1958900
22/04/2015,56.18,56.25,55.669998,56.139999,51.289299,2305100
23/04/2015,56.84,57.119999,56.330002,56.900002,51.983627,2776200
24/04/2015,57.150002,58.349998,57.040001,57.880001,52.878952,4012500
27/04/2015,58.07,58.110001,57.650002,57.709999,52.723637,3458100
28/04/2015,57.389999,58.110001,57.18,58.080002,53.061676,3114200
29/04/2015,57.509998,58.029999,57.209999,57.790001,52.796734,4065000
30/04/2015,57.540001,57.610001,56.419998,56.869999,51.956219,3815700
01/05/2015,56.849998,57.18,56.529999,57.029999,52.10239,2385700
04/05/2015,57.040001,57.720001,56.919998,57.360001,52.403885,2231000
05/05/2015,57.130001,57.169998,55.830002,55.900002,51.07003,4733200
06/05/2015,55.48,55.689999,54.360001,54.959999,50.691868,2998700
07/05/2015,55.240002,55.720001,55.029999,55.259998,50.968567,2180200
08/05/2015,55.799999,56.27,55.540001,55.799999,51.466637,2179300
11/05/2015,55.630001,56.169998,55.290001,55.43,51.125374,1606900
12/05/2015,55.080002,55.16,54.57,54.950001,50.682644,2906700
13/05/2015,55.049999,55.369999,54.060001,54.279999,50.064678,2949200
14/05/2015,54.560001,55.310001,54.549999,55.099998,50.820995,2306400
15/05/2015,55.32,55.740002,55.130001,55.599998,51.282166,2144400
18/05/2015,55.360001,56.040001,55.34,55.880001,51.540424,1974500
19/05/2015,55.599998,56.099998,55.43,55.799999,51.466637,1766600
20/05/2015,55.759998,56.27,55.720001,55.919998,51.577312,1748800
21/05/2015,55.91,56.049999,55.540001,55.810001,51.475861,2026200
22/05/2015,55.610001,55.810001,55.259998,55.650002,51.328285,1617900
26/05/2015,55.599998,55.639999,54.919998,55.330002,51.033138,2031900
27/05/2015,55.490002,56.139999,55.290001,56.060001,51.706444,2492900
28/05/2015,56.009998,56.330002,55.619999,56.099998,51.74334,2135800
29/05/2015,56.240002,56.450001,55.790001,56.290001,51.918591,3676900
01/06/2015,56.07,56.41,55.75,56.009998,51.660324,2128500
02/06/2015,55.630001,55.669998,54.82,55.169998,50.885559,2221200
03/06/2015,55.099998,55.259998,54.099998,54.380001,50.15691,2655600
04/06/2015,54.150002,54.66,54.119999,54.290001,50.073898,3265500
05/06/2015,53.77,53.790001,53.119999,53.439999,49.289909,3394300
08/06/2015,53.509998,53.59,53.200001,53.459999,49.308357,2791700
09/06/2015,53.400002,53.919998,53.25,53.459999,49.308357,2862100
10/06/2015,54.52,54.810001,53.869999,53.889999,49.704964,3021900
11/06/2015,54.360001,54.509998,54.119999,54.310001,50.092346,2495900
12/06/2015,54.080002,54.23,53.860001,53.93,49.741859,1884300
15/06/2015,53.799999,54,53.57,53.650002,49.483604,1814900
16/06/2015,53.549999,53.84,53.34,53.73,49.557388,2673200
17/06/2015,53.669998,54.150002,53.450001,54.060001,49.861759,2032200
18/06/2015,54.110001,54.990002,54.110001,54.830002,50.571964,2069300
19/06/2015,54.860001,54.939999,54.450001,54.470001,50.239925,2629400
22/06/2015,54.580002,54.580002,54.099998,54.240002,50.027786,1568200
23/06/2015,54.209999,54.299999,53.279999,53.34,49.197674,2565400
24/06/2015,53.369999,53.560001,52.919998,52.959999,48.847183,2866000
25/06/2015,52.98,53.200001,52.619999,52.619999,48.533592,1958800
26/06/2015,52.59,53.040001,52.32,52.91,48.801071,2194200
29/06/2015,52.93,53.66,52.77,52.799999,48.699612,2368300
30/06/2015,52.950001,53.25,52.759998,52.970001,48.856411,3239300
01/07/2015,53,53.369999,52.759998,53.290001,49.151562,2664500
02/07/2015,53.52,54.330002,53.509998,54.23,50.018562,2125300
06/07/2015,54.09,54.549999,54.02,54.529999,50.295258,3266700
07/07/2015,54.799999,56.5,54.740002,56.080002,51.724895,4446500
08/07/2015,55.799999,56.369999,55.75,56.029999,51.678776,2975000
09/07/2015,56.099998,56.330002,55.23,55.52,51.208382,3339400
10/07/2015,55.450001,55.990002,55.209999,55.560001,51.245277,2806400
13/07/2015,55.669998,55.900002,54.880001,55.34,51.042355,2215500
14/07/2015,55.389999,55.669998,54.990002,55.189999,50.904011,1929500
15/07/2015,55.200001,55.68,54.990002,55.68,51.355957,2418800
16/07/2015,55.720001,56.450001,55.619999,56.360001,51.983143,2497000
17/07/2015,56.110001,56.360001,55.709999,55.720001,51.392849,2824500
20/07/2015,55.580002,55.700001,55.049999,55.540001,51.226826,2747500
21/07/2015,55.5,55.580002,54.650002,54.889999,50.627308,2201300
22/07/2015,54.970001,55.549999,54.889999,55.209999,50.922455,3186400
23/07/2015,55.330002,55.330002,54.220001,54.59,50.350601,3534300
24/07/2015,54.509998,54.779999,54.169998,54.599998,50.359821,3025400
27/07/2015,54.66,56.029999,54.619999,55.740002,51.411293,2789900
28/07/2015,55.639999,56.029999,55.52,55.889999,51.549648,2687100
29/07/2015,55.75,56,55.380001,55.939999,51.595764,2497200
30/07/2015,55.66,56.610001,55.57,56.32,51.946247,1994100
31/07/2015,56.790001,57.220001,56.48,56.57,52.176834,2414600
03/08/2015,56.779999,57.25,56.650002,57.060001,52.628784,2458600
04/08/2015,57.029999,57.139999,56.279999,56.389999,52.010818,2200000
05/08/2015,56.59,56.849998,56.240002,56.650002,52.250626,2305200
06/08/2015,56.029999,56.32,55.34,56.259998,52.380966,2204900
07/08/2015,56.150002,57.080002,55.779999,56.77,52.855808,2038400
10/08/2015,56.810001,57.07,56.540001,56.709999,52.799946,2511500
11/08/2015,56.700001,57.380001,56.459999,56.849998,52.930294,2383300
12/08/2015,56.849998,57.77,56.599998,57.57,53.600647,2444800
13/08/2015,57.330002,57.740002,56.880001,57.549999,53.582027,1887300
14/08/2015,57.57,58.209999,57.09,58.200001,54.187206,1933500
17/08/2015,58.189999,58.669998,57.990002,58.349998,54.32687,2194300
18/08/2015,58.200001,58.369999,57.959999,58.27,54.252388,1954000
19/08/2015,58.009998,58.959999,57.82,58.799999,54.745838,2319000
20/08/2015,58.419998,59.18,58.119999,58.369999,54.34549,1856100
21/08/2015,57.970001,58.360001,57.220001,57.290001,53.339958,3934300
24/08/2015,55.290001,56.77,53.029999,54.830002,51.049568,5660400
25/08/2015,55.02,55.650002,53,53.02,49.364361,4974600
26/08/2015,53.529999,54.209999,52.799999,54.009998,50.286102,4407800
27/08/2015,54.580002,54.93,54.110001,54.91,51.12405,2909100
28/08/2015,54.849998,55.380001,54.07,54.900002,51.114738,2105500
31/08/2015,54.549999,54.689999,53.82,54.290001,50.546799,3588900
01/09/2015,53.740002,53.93,52.650002,52.990002,49.336437,3281700
02/09/2015,53.380001,53.41,52.459999,53.009998,49.355049,2460900
03/09/2015,53.049999,53.529999,53,53.349998,49.671608,2339600
04/09/2015,52.959999,53.07,52.290001,52.540001,48.917465,2595300
08/09/2015,53.23,54.09,53.23,54.080002,50.351284,3149600
09/09/2015,54.360001,54.48,53.27,53.369999,49.690231,2602800
10/09/2015,53.41,53.869999,53.18,53.389999,49.708855,2172500
11/09/2015,53.290001,53.810001,53.040001,53.779999,50.071968,1804500
14/09/2015,53.869999,54.240002,53.599998,53.68,49.978859,2063800
15/09/2015,53.779999,54.02,53.389999,53.849998,50.137135,2423800
16/09/2015,53.98,54.720001,53.84,54.630001,50.863358,4547200
17/09/2015,54.669998,56.439999,54.540001,55.869999,52.017857,5244400
18/09/2015,55.5,56.330002,55.34,55.48,51.654743,3832700
21/09/2015,55.73,55.939999,55.349998,55.599998,51.766476,2823100
22/09/2015,55.380001,55.650002,54.599998,54.720001,50.947147,3559800
23/09/2015,54.810001,55.110001,54.509998,55.02,51.226467,1878500
24/09/2015,54.849998,55.599998,54.740002,55.459999,51.636131,3829200
25/09/2015,55.59,56.549999,55.189999,55.990002,52.129589,2718000
28/09/2015,55.939999,56.52,55.459999,55.860001,52.008553,2413800
29/09/2015,55.990002,56.389999,55.740002,56.130001,52.259937,2659800
30/09/2015,56.349998,56.970001,56.009998,56.860001,52.939606,2785200
01/10/2015,56.919998,57,55.790001,56.139999,52.269245,4215600
02/10/2015,56.73,56.759998,55.689999,56.32,52.436836,5169200
05/10/2015,56.669998,57.59,56.439999,57.459999,53.498234,3007300
06/10/2015,57.23,57.439999,56.43,56.619999,52.716156,3101500
07/10/2015,56.759998,56.799999,55.950001,56.040001,52.17614,4452000
08/10/2015,56.009998,56.959999,55.939999,56.869999,52.948914,3397500
09/10/2015,56.900002,57.040001,56.509998,56.740002,52.827877,2043000
12/10/2015,56.799999,57.740002,56.799999,57.560001,53.591339,2270700
13/10/2015,57.459999,57.860001,57.259998,57.650002,53.675133,2143500
14/10/2015,57.669998,58.400002,57.599998,58.150002,54.140663,3887500
15/10/2015,58.349998,58.810001,57.889999,58.720001,54.671356,2754900
16/10/2015,59,59.040001,58.27,58.540001,54.503769,3033700
19/10/2015,58.459999,58.669998,57.830002,58.59,54.550323,2892100
20/10/2015,58.509998,59.23,58.220001,58.66,54.615494,3108100
21/10/2015,58.959999,59.52,58.720001,58.939999,54.876186,3320800
22/10/2015,58.509998,59.27,58.189999,59.169998,55.090332,4104600
23/10/2015,58.970001,59.009998,57.41,57.48,53.516853,4884500
26/10/2015,57.73,57.889999,57.27,57.82,53.833408,2861500
27/10/2015,57.869999,58.040001,57.43,57.669998,53.693752,2129500
28/10/2015,57.790001,57.98,56.400002,57.07,53.135124,2053800
29/10/2015,56.779999,57,55.52,56.209999,52.334415,3446100
30/10/2015,56.439999,56.93,56.209999,56.650002,52.744083,2763800
02/11/2015,56.650002,57,56.259998,56.889999,52.967533,2726900
03/11/2015,56.709999,57.040001,56.349998,56.75,52.837185,2139700
04/11/2015,56.77,57.150002,56.580002,56.709999,52.799946,2573700
05/11/2015,56.709999,56.970001,56.419998,56.490002,52.595116,2383700
06/11/2015,55.200001,55.279999,53.299999,53.959999,50.74258,5150900
09/11/2015,53.740002,54.57,53.529999,54.43,51.184551,3673300
10/11/2015,54.48,55.139999,54.48,55.099998,51.814598,2383200
11/11/2015,55.150002,55.689999,55.02,55.560001,52.247177,2710600
12/11/2015,55.380001,56,55.029999,55.32,52.021481,2637100
13/11/2015,55.380001,55.849998,54.950001,55.060001,51.776989,2247600
16/11/2015,55.049999,56.25,54.959999,56.209999,52.858418,2207900
17/11/2015,56.060001,56.549999,54.91,55.049999,51.767586,2422400
18/11/2015,55.09,55.5,54.310001,55.41,52.106117,4675700
19/11/2015,55.59,56.52,55.529999,56.32,52.961861,3748900
20/11/2015,56.540001,56.98,56.110001,56.540001,53.168743,4264700
23/11/2015,56.57,56.84,55.91,55.990002,52.651535,2302200
24/11/2015,55.689999,55.98,55.27,55.790001,52.463467,2254700
25/11/2015,55.580002,55.799999,55.299999,55.610001,52.294197,2346100
27/11/2015,55.66,56.130001,55.48,55.939999,52.604511,1423600
30/11/2015,55.950001,56.59,55.950001,56.009998,52.670349,4406000
01/12/2015,56.360001,56.880001,55.959999,56.73,53.347416,3523200
02/12/2015,56.450001,56.599998,55.27,55.330002,52.030891,2574700
03/12/2015,55.040001,55.32,54.5,54.700001,51.438457,3463400
04/12/2015,54.959999,55.889999,54.919998,55.84,52.510483,2328400
07/12/2015,56.23,56.299999,55.759998,56.25,52.896034,2687800
08/12/2015,56.119999,56.220001,55.560001,55.880001,52.548096,2301300
09/12/2015,55.720001,56.91,55.380001,56.25,52.896034,2798000
10/12/2015,56.279999,56.330002,54.810001,54.880001,51.607723,3723700
11/12/2015,54.650002,55.099998,54.400002,54.560001,51.306797,2962600
14/12/2015,54.560001,54.959999,54.080002,54.540001,51.287998,4001400
15/12/2015,55.099998,56.380001,54.790001,56.040001,52.698555,4354100
16/12/2015,56.189999,57.189999,56.110001,57.009998,53.61071,3424200
17/12/2015,56.970001,58.029999,56.849998,57.419998,53.996269,4305400
18/12/2015,57.209999,57.279999,56.029999,56.279999,52.924244,5469500
21/12/2015,56.610001,56.93,56.18,56.549999,53.178146,3552400
22/12/2015,56.700001,57.330002,56.220001,57.209999,53.798786,2862000
23/12/2015,57.34,58.419998,57.169998,58.25,54.776783,3181200
24/12/2015,58.139999,58.549999,58.049999,58.400002,54.917843,1337100
28/12/2015,58.16,58.740002,58.049999,58.599998,55.105907,2432100
29/12/2015,58.799999,59.07,58.66,58.889999,55.378624,3158900
30/12/2015,58.939999,59.139999,58.73,58.900002,55.388023,1754800
31/12/2015,58.82,59.439999,57.689999,58.27,54.795593,2455300
04/01/2016,57.82,58.360001,57.529999,58.330002,54.852013,4087800
05/01/2016,58.25,58.98,57.310001,58.810001,55.303391,3434500
06/01/2016,58.43,59.349998,58.209999,59.029999,55.510269,3528300
07/01/2016,58.470001,58.98,58.169998,58.349998,54.870823,3847200
08/01/2016,58.349998,58.93,58.130001,58.259998,54.786179,2795400
11/01/2016,58.380001,59,58.209999,58.77,55.265781,2763500
12/01/2016,58.889999,58.970001,57.459999,58.169998,54.701553,4252100
13/01/2016,58.23,58.540001,57.82,57.950001,54.494667,3531500
14/01/2016,58.279999,59.560001,57.900002,59.139999,55.613708,4091600
15/01/2016,58.360001,59.09,57.880001,58.689999,55.190548,3539300
19/01/2016,59,59.720001,58.700001,59.57,56.01807,3620700
20/01/2016,59.209999,59.459999,57.169998,57.919998,54.466461,4403300
21/01/2016,57.380001,58.380001,57.099998,57.639999,54.203152,3990500
22/01/2016,58.459999,58.57,57.720001,58.529999,55.040089,3707600
25/01/2016,58.540001,58.560001,57.669998,57.75,54.306595,3639700
26/01/2016,58,58.970001,57.869999,58.200001,54.729763,3176500
27/01/2016,58.189999,58.799999,57.68,58.189999,54.720356,3125500
28/01/2016,57.130001,59.84,56.75,59.450001,55.905228,4542500
29/01/2016,60,61.080002,59.959999,60.970001,57.334599,4726900
01/02/2016,61,62.560001,60.82,61.790001,58.105709,5033500
02/02/2016,61.66,62.299999,61.5,62,58.303177,4599000
03/02/2016,62.380001,63.630001,62.18,63.310001,59.535072,4944000
04/02/2016,63.150002,63.34,62.029999,62.290001,58.575897,4114600
05/02/2016,62.169998,63.279999,61.549999,62.84,59.093102,4123000
08/02/2016,62.23,63.049999,61.380001,62.490002,59.292351,4545200
09/02/2016,62.400002,62.93,61.950001,62.369999,59.178493,3166400
10/02/2016,62.060001,63.380001,61.549999,62.900002,59.681377,4180300
11/02/2016,62.529999,63,61.279999,61.310001,58.172733,3288500
12/02/2016,61.310001,61.849998,60.41,60.599998,57.499062,3847300
16/02/2016,60.919998,61.560001,60.5,61.09,57.963993,3925100
17/02/2016,61.119999,61.279999,60.330002,61.099998,57.97348,3400700
18/02/2016,61.290001,62.779999,60.919998,62.450001,59.254402,2926700
19/02/2016,62.43,62.450001,61.59,61.91,58.742031,2445700
22/02/2016,62.009998,62.880001,61.849998,62.849998,59.63393,2213500
23/02/2016,62.470001,62.939999,62.099998,62.759998,59.548534,1943800
24/02/2016,62.779999,63.299999,62.400002,63.009998,59.785748,1800800
25/02/2016,63.169998,63.900002,63.02,63.889999,60.620716,1763100
26/02/2016,63.279999,63.77,61.419998,61.470001,58.324551,3320900
29/02/2016,61.470001,62.389999,61.439999,61.75,58.590221,3225100
01/03/2016,62.07,62.27,61.25,61.73,58.571243,2059600
02/03/2016,61.509998,61.970001,60.150002,61.889999,58.723049,2801700
03/03/2016,61.779999,61.849998,60.66,61.77,58.6092,3879100
04/03/2016,61.459999,62.709999,61.02,62.43,59.235424,3857900
07/03/2016,62.41,63.400002,62.169998,63.240002,60.003975,2929100
08/03/2016,63.240002,63.919998,62.91,63.610001,60.355045,2701400
09/03/2016,63.68,64.629997,63.549999,64.300003,61.009739,2323700
10/03/2016,64.300003,64.440002,63.48,64.129997,60.848431,1951300
11/03/2016,64.559998,64.690002,64.089996,64.230003,60.943321,2094700
14/03/2016,63.889999,64.379997,63.720001,64.220001,60.93383,1540600
15/03/2016,64.260002,64.699997,63.869999,64.410004,61.114109,1599200
16/03/2016,64.330002,65.25,63.73,65.129997,61.79726,2908000
17/03/2016,65.199997,65.629997,64.849998,65.43,62.081913,2374100
18/03/2016,65.639999,65.68,64.779999,64.790001,61.474659,5079300
21/03/2016,64.389999,65.029999,64.019997,64.800003,61.48415,2291300
22/03/2016,65.010002,65.339996,64.57,64.769997,61.455688,2772300
23/03/2016,64.639999,65.309998,64.400002,65.080002,61.749825,3702600
24/03/2016,65.019997,65.400002,64.720001,65.059998,61.730843,3984900
28/03/2016,65.389999,65.760002,64.879997,65,61.67392,3282600
29/03/2016,65.139999,66.07,64.82,66.029999,62.651199,3495900
30/03/2016,66.059998,66.370003,65.699997,66.019997,62.641716,2277900
31/03/2016,66.010002,66.489998,65.769997,66.400002,63.002277,2924700
01/04/2016,66.099998,67.139999,66.089996,67.010002,63.581066,2097800
04/04/2016,67.07,67.190002,66.209999,66.580002,63.173069,1795400
05/04/2016,66.540001,66.620003,65.360001,65.400002,62.053448,2580800
06/04/2016,65.330002,65.690002,64.980003,65.629997,62.271671,2024000
07/04/2016,65.470001,65.980003,65.370003,65.5,62.148335,1523500
08/04/2016,65.870003,66.349998,65.739998,66.010002,62.632233,2137800
11/04/2016,66.050003,66.470001,65.599998,65.68,62.319118,1679500
12/04/2016,65.75,66.379997,65.620003,66.309998,62.916885,1773600
13/04/2016,66.400002,66.400002,65.410004,65.790001,62.423492,1943400
14/04/2016,65.610001,65.980003,65.459999,65.589996,62.233719,1122300
15/04/2016,65.779999,66.18,65.580002,66.050003,62.670189,1960800
18/04/2016,66.050003,66.309998,65.489998,66.239998,62.850464,1757100
19/04/2016,66.370003,66.43,65.519997,65.839996,62.470924,2621200
20/04/2016,65.860001,66.110001,63.560001,63.700001,60.440441,4650600
21/04/2016,63.599998,63.599998,62.009998,62.259998,59.07412,4528300
22/04/2016,62.5,62.990002,62.34,62.740002,59.52956,3059900
25/04/2016,62.68,62.84,62.459999,62.810001,59.595978,2469500
26/04/2016,62.919998,63.25,62.73,62.900002,59.681377,1977300
27/04/2016,63,64.419998,62.900002,63.93,60.658669,3967600
28/04/2016,61.849998,63.41,61.419998,63.060001,59.833191,5010200
29/04/2016,62.73,63.630001,62.09,63.5,60.250671,2992800
02/05/2016,63.599998,64.419998,63.41,64.360001,61.066666,5028000
03/05/2016,64.32,64.699997,64.07,64.5,61.199501,4461300
04/05/2016,64.379997,65.709999,64.169998,65.389999,62.043961,3535900
05/05/2016,65.190002,65.959999,64.779999,65.150002,61.816242,2817300
06/05/2016,64.589996,64.779999,63.650002,64.559998,61.787529,3185300
09/05/2016,64.620003,65.379997,64.32,65.290001,62.486176,3933000
10/05/2016,65.540001,65.559998,64.919998,65.050003,62.256489,2757700
11/05/2016,65.050003,65.339996,64.529999,65.209999,62.409618,2100800
12/05/2016,65.120003,65.849998,64.779999,65.660004,62.840298,2146000
13/05/2016,65.57,65.800003,64.919998,65.610001,62.792439,2781400
16/05/2016,65.43,65.970001,65.019997,65.93,63.098698,2341600
17/05/2016,65.870003,65.889999,64.18,64.510002,61.739677,3411800
18/05/2016,64.029999,64.519997,62.970001,63.299999,60.581638,4397800
19/05/2016,63.18,63.869999,62.610001,63.849998,61.108017,2869700
20/05/2016,64.050003,64.099998,63.349998,63.799999,61.060165,2226200
23/05/2016,63.799999,63.869999,62.91,62.950001,60.24667,2521100
24/05/2016,63.25,63.799999,63.040001,63.630001,60.897465,2288300
25/05/2016,63.290001,63.779999,63,63.43,60.706047,2407900
26/05/2016,63.330002,64.379997,63.32,64.330002,61.567406,3277300
27/05/2016,64.260002,64.57,63.860001,64.309998,61.54826,2129700
31/05/2016,64.220001,64.839996,64.029999,64.730003,61.950226,3362400
01/06/2016,64.730003,65.040001,64.519997,64.889999,62.103355,1938600
02/06/2016,64.690002,64.839996,64.040001,64.68,61.902374,1948900
03/06/2016,65.199997,66.220001,65.199997,65.809998,62.983841,2287800
06/06/2016,65.93,66.059998,65.449997,65.699997,62.878563,1960500
07/06/2016,65.949997,66.220001,65.669998,65.839996,63.012558,2182100
08/06/2016,65.75,66.199997,65.68,66.199997,63.357101,1555700
09/06/2016,66.209999,67.010002,66.110001,66.959999,64.084457,1803100
10/06/2016,66.879997,67.339996,66.550003,66.849998,63.979183,1768800
13/06/2016,66.919998,67.199997,66.480003,66.550003,63.69207,2802400
14/06/2016,66.550003,66.830002,66.089996,66.830002,63.960049,2090400
15/06/2016,66.910004,67,65.949997,66.239998,63.39537,2131200
16/06/2016,66.370003,67.040001,66.25,66.879997,64.007889,2217600
17/06/2016,67.029999,67.279999,66.470001,67.209999,64.323723,2620800
20/06/2016,67.110001,67.279999,66.339996,66.790001,63.921753,2036700
21/06/2016,66.93,67.150002,66.400002,66.769997,63.902618,1383300
22/06/2016,66.900002,66.959999,66.419998,66.5,63.644215,1458200
23/06/2016,66.610001,66.629997,66.099998,66.589996,63.73035,1831000
24/06/2016,65.919998,67.940002,65.839996,67.260002,64.371582,4034600
27/06/2016,67.169998,68.519997,67.040001,68.349998,65.414757,3506700
28/06/2016,68.269997,68.650002,67.5,68.639999,65.692314,2394300
29/06/2016,68.900002,69.080002,68.32,68.720001,65.768883,2522400
30/06/2016,68.82,70.099998,68.580002,70.089996,67.080048,2858400
01/07/2016,70.459999,70.489998,69.449997,70.139999,67.127899,2113600
05/07/2016,70.290001,70.919998,70.150002,70.809998,67.769119,1935200
06/07/2016,70.809998,71.32,70.43,71.269997,68.209366,2990400
07/07/2016,70.959999,70.980003,70.120003,70.279999,67.261894,2989800
08/07/2016,70.019997,70.809998,69.449997,70.709999,67.673416,2690500
11/07/2016,70.43,70.760002,69.68,70.699997,67.663849,2064800
12/07/2016,70.25,70.419998,69.510002,69.580002,66.591957,2865500
13/07/2016,69.919998,70.139999,69.629997,70.010002,67.003487,2007100
14/07/2016,69.459999,69.900002,69.150002,69.379997,66.400528,2473300
15/07/2016,69.440002,69.739998,69.169998,69.639999,66.649368,2263600
18/07/2016,69.730003,70.110001,69.68,69.949997,66.94606,1581300
19/07/2016,70,70.099998,69.32,69.769997,66.773781,1821600
20/07/2016,69.800003,69.870003,69.209999,69.349998,66.371826,1458500
21/07/2016,69.18,69.449997,68.699997,69.43,66.448387,3186400
22/07/2016,69.470001,70.25,69.160004,70.059998,67.051338,2452800
25/07/2016,70.080002,70.160004,69.449997,69.769997,66.773781,1966600
26/07/2016,70.239998,70.269997,69.330002,69.739998,66.745071,2375100
27/07/2016,69.540001,69.629997,68.25,68.860001,65.902863,3190500
28/07/2016,68.970001,69.220001,68.580002,68.919998,65.960289,2641200
29/07/2016,68.839996,69.559998,68.82,69.300003,66.323967,2490200
01/08/2016,68.870003,69.480003,68.870003,69.309998,66.333542,1669500
02/08/2016,68.949997,69.260002,68.580002,69.010002,66.046432,1893900
03/08/2016,68.839996,69.029999,68.120003,68.449997,65.510468,1959400
04/08/2016,68.57,69.040001,68.389999,68.639999,65.692314,1797600
05/08/2016,68.480003,68.559998,67.629997,67.849998,64.936249,3774800
08/08/2016,67.440002,67.839996,67.010002,67.150002,64.80114,1876500
09/08/2016,67.190002,67.599998,66.989998,67.389999,65.032753,1747200
10/08/2016,67.470001,67.760002,67.220001,67.559998,65.1968,1289100
11/08/2016,67.599998,67.730003,67.209999,67.720001,65.351196,2133600
12/08/2016,67.940002,68.18,67.510002,67.550003,65.187149,1372600
15/08/2016,67.709999,67.800003,66.489998,66.519997,64.193169,1943800
16/08/2016,66.360001,66.440002,65.68,65.68,63.382561,2380900
17/08/2016,65.75,66.620003,65.080002,66.5,64.173874,3340000
18/08/2016,66.370003,67.419998,66.269997,67.400002,65.042389,3464100
19/08/2016,67.110001,67.360001,66.139999,66.370003,64.048424,2056700
22/08/2016,66.559998,66.900002,66.32,66.519997,64.193169,1595000
23/08/2016,66.639999,66.989998,66.279999,66.279999,63.961567,1858100
24/08/2016,66.120003,66.470001,65.760002,66.339996,64.01947,1584100
25/08/2016,66.410004,66.639999,66.220001,66.370003,64.048424,1594200
26/08/2016,66.419998,66.910004,64.629997,64.690002,62.427189,3314600
29/08/2016,64.870003,65.370003,64.82,65.18,62.900043,2269300
30/08/2016,65.209999,65.5,64.260002,64.32,62.070129,3295000
31/08/2016,64.550003,64.610001,64.07,64.57,62.311382,3163300
01/09/2016,64.410004,64.699997,64.220001,64.410004,62.156986,2030800
02/09/2016,64.57,65.370003,64.480003,65.239998,62.957947,2209500
06/09/2016,65.510002,66.169998,65.400002,66.040001,63.729961,2431000
07/09/2016,65.970001,66.239998,65.650002,66.050003,63.739616,1992800
08/09/2016,65.889999,66.349998,65.769997,66.099998,63.787868,1834100
09/09/2016,65.510002,65.599998,63.619999,63.709999,61.481464,3341300
12/09/2016,63.68,64.889999,63.68,64.709999,62.446487,2815100
13/09/2016,64.519997,64.900002,63.560001,63.810001,61.577972,3845800
14/09/2016,64.760002,64.760002,63.700001,64.019997,61.780621,2820600
15/09/2016,63.939999,64.470001,63.709999,64.300003,62.050835,2450900
16/09/2016,64.160004,64.879997,63.880001,64.809998,62.54298,3751500
19/09/2016,65,65.489998,64.809998,65.419998,63.131657,2185900
20/09/2016,65.230003,65.690002,65.010002,65.010002,62.736,2232900
21/09/2016,64.949997,66.269997,64.910004,66.190002,63.874722,3380800
22/09/2016,66.510002,66.790001,66.199997,66.599998,64.270378,2582500
23/09/2016,66.480003,66.870003,66.089996,66.660004,64.328285,2031100
26/09/2016,66.660004,66.739998,66.150002,66.360001,64.038765,1745800
27/09/2016,66.660004,66.959999,65.370003,65.5,63.208858,2229800
28/09/2016,65.650002,65.779999,64.779999,65.360001,63.073757,2515900
29/09/2016,65.419998,65.419998,64.099998,64.5,62.243832,3632100
30/09/2016,64.800003,65.07,63.75,64.209999,61.963974,4152600
03/10/2016,64.040001,64.059998,63.049999,63.509998,61.28846,2813400
04/10/2016,63.470001,63.470001,61.82,62.18,60.00499,3586500
05/10/2016,62.189999,63.029999,61.98,62.18,60.00499,3825400
06/10/2016,62.07,62.509998,61.720001,62.25,60.072536,3195800
07/10/2016,62.700001,63.150002,61.75,61.790001,59.628628,3345100
10/10/2016,61.970001,62.310001,61.73,62.209999,60.033939,1633700
11/10/2016,61.98,62.279999,61.279999,61.34,59.194374,2157700
12/10/2016,61.43,62.189999,61.43,62,59.83128,2648400
13/10/2016,61.860001,63.009998,61.799999,62.529999,60.342743,3457000
14/10/2016,62.25,62.84,61.970001,62.299999,60.120789,2490100
17/10/2016,62.5,63.139999,62.43,62.970001,60.767353,2767900
18/10/2016,63.27,63.48,62.459999,63.369999,61.153358,2833900
19/10/2016,63.380001,63.439999,62.860001,63.189999,60.979656,2351300
20/10/2016,63.220001,63.41,62.77,62.91,60.709454,1682700
21/10/2016,62.59,62.799999,62.200001,62.48,60.294491,1782700
24/10/2016,62.759998,63.130001,62.48,63.029999,60.825249,1677400
25/10/2016,62.82,63.709999,62.77,63.459999,61.240211,2535100
26/10/2016,63.349998,63.869999,62.939999,63.529999,61.307762,2250800
27/10/2016,63.310001,63.470001,62.759998,63.189999,60.979656,2305000
28/10/2016,63.23,63.849998,63.16,63.41,61.191963,2351900
31/10/2016,63.59,65.25,63.57,64.839996,62.571938,4076400
01/11/2016,64.550003,64.900002,63.110001,63.380001,61.16301,4536100
02/11/2016,62.740002,62.889999,61.919998,62.610001,60.419945,3156200
03/11/2016,62.470001,63.369999,62.18,62.919998,60.719097,2401800
04/11/2016,63.25,63.740002,62.360001,62.400002,60.217289,2966900
07/11/2016,62.630001,63.279999,61.619999,63.240002,61.027908,3102500
08/11/2016,62.889999,63.68,62.869999,63.23,61.592892,2961300
09/11/2016,62.009998,62.009998,61.02,61.25,59.664154,3160900
10/11/2016,61,61,58.57,59.740002,58.193256,5057600
11/11/2016,59.759998,60.880001,59.549999,59.990002,58.436783,3536300
14/11/2016,59.59,59.68,58.16,58.720001,57.199665,7074600
15/11/2016,58.970001,59.740002,58.950001,59.459999,57.920502,3537900
16/11/2016,59.459999,59.68,58.529999,58.990002,57.462677,2755400
17/11/2016,58.799999,59.32,58.799999,58.860001,57.336037,2307200
18/11/2016,58.84,59.23,58.310001,58.439999,56.92691,2775700
21/11/2016,58.619999,59.380001,58.610001,59.32,57.784126,2462300
22/11/2016,59.32,59.389999,58.880001,59.169998,57.638012,4091400
23/11/2016,58.639999,59.25,58.599998,58.82,57.297073,2438500
25/11/2016,59.07,59.950001,59.049999,59.720001,58.173775,984800
28/11/2016,60,61.139999,59.950001,60.900002,59.323219,2705300
29/11/2016,60.689999,61.450001,60.59,61.27,59.683643,2769700
30/11/2016,60.5,60.5,59.049999,59.049999,57.521114,3515300
01/12/2016,58.82,58.889999,57.889999,58.16,56.654163,3539300
02/12/2016,58.630001,59.169998,58.330002,58.700001,57.18018,2129800
05/12/2016,58.43,59.220001,57.900002,59.200001,57.667236,3400600
06/12/2016,59.389999,59.639999,59.009998,59.470001,57.930244,3343400
07/12/2016,59.73,60.34,59.459999,60.25,58.690044,2444700
08/12/2016,59.810001,60.360001,59.349998,60.18,58.621861,2876800
09/12/2016,60.299999,60.990002,60.25,60.990002,59.410892,2329400
12/12/2016,60.98,62.09,60.880001,61.950001,60.346035,2603000
13/12/2016,62.009998,62.779999,61.950001,62.709999,61.086357,2909000
14/12/2016,63.02,63.41,61.57,61.700001,60.102505,3726100
15/12/2016,61.32,62.139999,61.029999,62.110001,60.501888,2290700
16/12/2016,62.259998,62.84,62,62.810001,61.183769,3966200
19/12/2016,63.110001,63.200001,62.48,62.939999,61.310398,2011500
20/12/2016,62.959999,63.360001,62.73,63.209999,61.57341,2549000
21/12/2016,63.049999,63.400002,62.790001,62.799999,61.174023,1506000
22/12/2016,62.799999,63.380001,62.700001,63.240002,61.602638,2143100
23/12/2016,63.529999,63.529999,62.849998,63.169998,61.534447,1121600
27/12/2016,62.970001,63.27,62.799999,63.130001,61.495483,1246500
28/12/2016,63.09,63.119999,62.299999,62.389999,60.774639,1501800
29/12/2016,62.68,63.380001,62.5,63.279999,61.641598,1508100
30/12/2016,63.32,63.419998,62.720001,62.959999,61.329884,1677000
03/01/2017,63.009998,63.029999,62.349998,62.759998,61.135059,1943800
04/01/2017,62.91,63.41,62.669998,62.849998,61.222729,2127200
05/01/2017,63.029999,63.43,62.389999,63.189999,61.553928,3884800
06/01/2017,62.900002,63.310001,62.720001,63.139999,61.505222,1769900
09/01/2017,62.959999,63.330002,62.200001,62.310001,60.696716,2381300
10/01/2017,62.580002,62.700001,61.82,62.119999,60.511631,2046000
11/01/2017,62.209999,63.189999,62.119999,63.18,61.544186,2918400
12/01/2017,62.959999,63.400002,62.799999,63.290001,61.65134,2139900
13/01/2017,63.099998,63.299999,62.75,63.23,61.592892,2506500
17/01/2017,63.450001,64.029999,63.299999,63.810001,62.157879,1705800
18/01/2017,63.529999,63.919998,63.389999,63.459999,61.816936,1883900
19/01/2017,63.189999,63.41,62.540001,62.700001,61.076614,2628100
20/01/2017,62.900002,63.150002,62.490002,62.91,61.281178,2015000
23/01/2017,62.91,63.139999,62.639999,62.709999,61.086357,1317800
24/01/2017,62.639999,62.900002,62.509998,62.779999,61.154545,2061100
25/01/2017,62.639999,62.830002,62.41,62.529999,60.911015,2316900
26/01/2017,62.5,62.82,62.139999,62.639999,61.018166,2525600
27/01/2017,62.779999,63.040001,62.48,62.970001,61.339626,2537400
30/01/2017,63.110001,63.400002,62.779999,63.209999,61.57341,2265000
31/01/2017,63.150002,64.110001,62.950001,64.059998,62.401402,2712300
01/02/2017,63.580002,63.810001,63.02,63.09,61.45652,2779500
02/02/2017,63.110001,63.810001,62.970001,63.779999,62.128651,1802600
03/02/2017,63.779999,64.339996,63.639999,64.029999,62.372177,2288300
06/02/2017,64.25,64.410004,63.720001,63.82,62.167614,1741400
07/02/2017,63.82,64.010002,63.560001,63.93,62.274765,1552800
08/02/2017,63.32,64.019997,63.32,63.799999,62.727028,1817000
09/02/2017,63.799999,64.019997,63.360001,63.419998,62.35342,2517000
10/02/2017,63.349998,64.080002,63.310001,63.950001,62.874508,2429800
13/02/2017,63.970001,64.099998,63.459999,63.790001,62.717201,2188300
14/02/2017,63.639999,63.740002,62.959999,63.27,62.205944,2218600
15/02/2017,62.93,63.330002,62.689999,63.290001,62.225609,2068300
16/02/2017,63.389999,63.720001,63.310001,63.700001,62.628712,1890300
17/02/2017,63.799999,64.129997,63.529999,64.110001,63.031818,1955900
21/02/2017,63.98,64.870003,63.75,64.760002,63.670887,2067300
22/02/2017,64.669998,65.410004,64.519997,65.309998,64.211639,2455900
23/02/2017,65.550003,66.089996,65.309998,66.010002,64.899864,2286600
24/02/2017,66.190002,67.220001,66.150002,67.150002,66.020699,4094100
27/02/2017,67.059998,67.120003,66.510002,66.699997,65.578255,3101200
28/02/2017,66.699997,67.150002,66.480003,66.970001,65.843719,3912000
01/03/2017,66.199997,66.739998,65.889999,66.120003,65.008018,3147100
02/03/2017,65.900002,66.959999,65.860001,66.5,65.381622,2442900
03/03/2017,66.57,66.620003,65.959999,66.519997,65.401283,2127400
06/03/2017,66.370003,66.599998,66.059998,66.349998,65.234146,1832300
07/03/2017,66.25,66.519997,66.129997,66.239998,65.125992,2770000
08/03/2017,65.769997,65.900002,65.019997,65.150002,64.054329,3126100
09/03/2017,65.120003,65.650002,64.809998,64.839996,63.749538,2532300
10/03/2017,65.300003,65.589996,64.940002,65.400002,64.300125,2358600
13/03/2017,65.410004,65.849998,65.330002,65.809998,64.703224,1922000
14/03/2017,65.779999,65.93,65.519997,65.790001,64.683563,1641900
15/03/2017,65.860001,67,65.82,66.68,65.558594,1776000
16/03/2017,66.470001,66.5,65.860001,66.010002,64.899864,1615300
17/03/2017,66.160004,66.860001,66.080002,66.470001,65.352127,3823600
20/03/2017,66.620003,66.860001,65.989998,66.129997,65.017845,1861500
21/03/2017,66.099998,67.220001,66.089996,66.980003,65.853554,3159300
22/03/2017,67.339996,67.800003,67.120003,67.440002,66.305817,2609300
23/03/2017,67.349998,68.029999,67.230003,67.449997,66.315643,2554400
24/03/2017,67.389999,68.019997,67.269997,67.790001,66.649925,1969500
27/03/2017,67.940002,68.25,67.339996,67.690002,66.551613,2565000
28/03/2017,67.480003,67.900002,67.419998,67.839996,66.699089,2645000
29/03/2017,67.589996,67.720001,67.279999,67.389999,66.256653,2272400
30/03/2017,67.160004,67.389999,66.849998,67.160004,66.030525,2080900
31/03/2017,67.080002,67.510002,67.07,67.129997,66.001022,2259700
03/04/2017,67.019997,67.18,66.5,67.150002,66.020699,1939900
04/04/2017,67.160004,67.519997,66.959999,67.290001,66.158333,1767600
05/04/2017,67.279999,67.900002,67.099998,67.830002,66.689255,2162700
06/04/2017,67.620003,67.769997,67.360001,67.620003,66.482788,2073500
07/04/2017,67.800003,67.989998,67.300003,67.32,66.187828,2934600
10/04/2017,67.470001,67.629997,67.029999,67.5,66.364807,1556700
11/04/2017,67.389999,67.540001,66.989998,67.389999,66.256653,2046600
12/04/2017,67.150002,67.849998,67.019997,67.790001,66.649925,2286700
13/04/2017,67.800003,67.900002,67.290001,67.540001,66.404137,1899000
17/04/2017,67.669998,67.879997,67.559998,67.739998,66.600769,1452600
18/04/2017,67.769997,68.120003,67.650002,67.980003,66.836731,2427400
19/04/2017,67.989998,68.129997,67.510002,67.739998,66.600769,2802200
20/04/2017,67.739998,67.739998,66.970001,67.440002,66.305817,2518300
21/04/2017,67.279999,68.029999,67.279999,67.860001,66.71875,2721100
24/04/2017,67.82,68.089996,67.360001,67.970001,66.826904,2714500
25/04/2017,67.739998,68.029999,67.550003,67.860001,66.71875,1824500
26/04/2017,67.790001,68.120003,67.620003,67.690002,66.551613,2821600
27/04/2017,67.440002,68.459999,67.209999,68.099998,66.954712,2225400
28/04/2017,68.099998,68.239998,67.739998,67.830002,66.689255,2671300
01/05/2017,68.029999,68.029999,67.339996,67.470001,66.335312,1694400
02/05/2017,67.669998,68.160004,67.550003,68.010002,66.866226,3172000
03/05/2017,68,68.25,67.769997,67.900002,66.75808,1879000
04/05/2017,67.709999,68.120003,67.669998,68.019997,66.876053,2285000
05/05/2017,68.220001,68.660004,67.889999,68.410004,67.259506,2674800
08/05/2017,67.989998,68.18,67.519997,67.730003,67.17025,2650900
09/05/2017,67.629997,67.769997,67.239998,67.309998,66.753716,2340700
10/05/2017,67.349998,67.620003,67.129997,67.410004,66.852898,2236300
11/05/2017,67.230003,67.559998,66.93,67.550003,66.991737,1491200
12/05/2017,67.589996,68.300003,67.550003,68.059998,67.49752,2241700
15/05/2017,68.080002,68.720001,67.870003,68.559998,67.993385,2427700
16/05/2017,68.43,68.629997,67.849998,67.860001,67.299171,1556700
17/05/2017,67.860001,68.5,67.860001,68.150002,67.586777,2243900
18/05/2017,68.349998,68.889999,67.809998,68.309998,67.745453,2139900
19/05/2017,68.300003,68.739998,67.879997,68.720001,68.152069,2377600
22/05/2017,68.68,69.580002,68.599998,69.419998,68.846275,2881500
23/05/2017,69.43,70.07,69.370003,69.589996,69.01487,2251900
24/05/2017,69.739998,70.239998,69.660004,70.199997,69.619827,1997700
25/05/2017,70.169998,70.93,70.080002,70.800003,70.214874,2214200
26/05/2017,70.800003,71.010002,70.709999,70.870003,70.284302,3455400
30/05/2017,70.769997,71.260002,70.699997,71.209999,70.621483,2027900
31/05/2017,71.260002,71.910004,71.239998,71.779999,71.186775,2857100
01/06/2017,71.650002,72.220001,71.400002,72.209999,71.61322,2715100
02/06/2017,72.510002,72.720001,72.279999,72.669998,72.06942,2583700
05/06/2017,72.639999,72.690002,72.32,72.400002,71.801651,2723200
06/06/2017,72.620003,72.669998,72.059998,72.129997,71.533882,2485900
07/06/2017,72.260002,72.709999,72.07,72.620003,72.019836,2565300
08/06/2017,72.620003,72.650002,71.510002,71.949997,71.35537,2679900
09/06/2017,71.709999,72.040001,71.370003,71.860001,71.266113,2271600
12/06/2017,71.860001,72.230003,71.410004,71.410004,70.819839,3169400
13/06/2017,71.330002,71.68,71.050003,71.650002,71.057854,1800200
14/06/2017,72.230003,72.400002,71.690002,71.959999,71.365288,1792200
15/06/2017,71.93,72.160004,71.510002,72.139999,71.5438,2311500
16/06/2017,72.32,72.589996,71.970001,72.419998,71.821487,3326400
19/06/2017,72.419998,72.470001,71.739998,72.059998,71.464462,2076300
20/06/2017,72.099998,72.57,72.019997,72.559998,71.960327,2486600
21/06/2017,72.599998,72.970001,72.199997,72.400002,71.801651,6134900
22/06/2017,72.199997,72.449997,71.760002,71.790001,71.196693,2172100
23/06/2017,71.75,72.089996,71.43,71.550003,70.958679,2431800
26/06/2017,71.290001,72.199997,71.190002,71.870003,71.276031,2026000
27/06/2017,71.5,71.610001,70.629997,70.720001,70.135536,3003600
28/06/2017,70.910004,71.080002,70.120003,70.150002,69.570251,2553900
29/06/2017,69.82,69.82,69.190002,69.599998,69.024788,3112100
30/06/2017,69.769997,70.110001,69.470001,69.470001,68.895866,2117700
03/07/2017,69.690002,69.690002,68.93,69,68.429749,1592000
05/07/2017,69.050003,69.099998,68.620003,68.82,68.251236,2735700
06/07/2017,68.690002,69.150002,68.470001,69.019997,68.449585,2147800
07/07/2017,69.010002,69.410004,68.830002,69.150002,68.578514,1747500
10/07/2017,69.400002,69.470001,68.889999,68.889999,68.320656,1567600
11/07/2017,69,69.050003,68.669998,68.839996,68.271072,1813100
12/07/2017,69.400002,69.529999,68.970001,68.989998,68.41983,2287800
13/07/2017,68.900002,69.099998,68.279999,68.279999,67.715698,3489100
14/07/2017,68.739998,68.889999,68.110001,68.169998,67.606606,4900500
17/07/2017,68.239998,68.669998,68.120003,68.550003,67.983475,2885100
18/07/2017,68.629997,68.82,68.339996,68.360001,67.795044,2721400
19/07/2017,68.449997,68.769997,68.43,68.650002,68.082642,2981300
20/07/2017,68.769997,68.830002,68.410004,68.699997,68.132225,3771000
21/07/2017,68.739998,69.989998,68.68,69.980003,69.401657,2922300
24/07/2017,70,70,68.900002,69.190002,68.618179,4129500
25/07/2017,69.220001,69.309998,68.709999,68.839996,68.271072,1614100
26/07/2017,68.690002,69.510002,68.589996,69.449997,68.87603,1962900
27/07/2017,69.370003,70.800003,69.360001,70.669998,70.085945,4203300
28/07/2017,70.620003,70.809998,70.029999,70.43,69.847931,2570900
31/07/2017,70.449997,70.699997,70.029999,70.540001,69.957024,2268900
01/08/2017,70.589996,70.830002,70.370003,70.620003,70.036362,1629000
02/08/2017,70.370003,71.029999,70.080002,70.93,70.343803,1405000
03/08/2017,70.75,71.199997,70.610001,71.199997,70.611565,1794100
04/08/2017,70.980003,71.050003,70.32,70.879997,70.294212,1879500
07/08/2017,70.879997,71.389999,70.639999,71.389999,70.799995,2007000
08/08/2017,70.800003,71.389999,70.559998,71.349998,71.349998,2398000
09/08/2017,71.610001,71.610001,70.860001,70.959999,70.959999,2492200
10/08/2017,70.849998,71.419998,70.550003,71.360001,71.360001,2053500
11/08/2017,71.339996,71.339996,70.370003,70.559998,70.559998,2007600
14/08/2017,70.589996,71.150002,70.459999,71.050003,71.050003,1862400
15/08/2017,70.769997,71.540001,70.709999,71.519997,71.519997,1289300
16/08/2017,71.519997,72.040001,71.379997,72.019997,72.019997,1692400
17/08/2017,71.989998,72.260002,71.779999,72,72,3318500
18/08/2017,71.93,72.629997,71.709999,72.160004,72.160004,2871400
21/08/2017,72.230003,72.779999,72.129997,72.669998,72.669998,1808200
22/08/2017,72.639999,72.870003,72.419998,72.809998,72.809998,1959100
23/08/2017,72.760002,73.400002,72.75,73.309998,73.309998,2379900
24/08/2017,73.279999,73.660004,73.089996,73.389999,73.389999,2123000
25/08/2017,73.709999,73.769997,73.410004,73.57,73.57,2067800
28/08/2017,73.75,74.110001,73.589996,74.099998,74.099998,1768100
29/08/2017,74.160004,74.290001,73.82,73.940002,73.940002,1748900
30/08/2017,73.959999,74.029999,73.709999,73.75,73.75,1356800
31/08/2017,73.870003,73.949997,73.620003,73.629997,73.629997,2787400
01/09/2017,73.839996,73.949997,73.269997,73.540001,73.540001,1745400
